"Time (s)"	"Linear Acceleration x (m/s^2)"	"Linear Acceleration y (m/s^2)"	"Linear Acceleration z (m/s^2)"	"Absolute acceleration (m/s^2)"
2.236492300E-2	1.652753353E-1	6.244583130E-1	1.184822083E0	1.349469336E0
3.237476900E-2	-1.001796722E-1	5.939011574E-1	7.401723862E-1	9.542587242E-1
4.238453900E-2	-2.370071411E-1	6.336450577E-1	3.100795746E-1	7.441960673E-1
5.236369200E-2	5.764206648E-1	6.988973618E-1	2.368955612E-1	9.363961832E-1
6.237353900E-2	7.646628618E-1	6.101555824E-1	-3.465318680E-1	1.037826316E0
7.238330800E-2	5.650938749E-1	7.426328659E-1	-5.909037590E-1	1.104536968E0
8.236246200E-2	6.923838854E-1	8.196606636E-1	-2.389812469E-1	1.099250237E0
9.237223100E-2	5.529735088E-1	6.790485382E-1	9.831428528E-3	8.757758136E-1
1.023820770E-1	1.860276461E-1	6.123080254E-1	1.108446121E-1	6.494720402E-1
1.123612310E-1	-3.074728251E-1	6.076474190E-1	9.296417236E-2	6.873261680E-1
1.223710000E-1	-6.643074155E-1	5.073838234E-1	6.217193604E-2	8.382171772E-1
1.323808470E-1	-8.862347603E-1	3.825812340E-1	2.759647369E-2	9.656821508E-1
1.423600000E-1	-9.469770789E-1	2.812728882E-1	-1.111016273E-1	9.940943603E-1
1.523698470E-1	-8.918753862E-1	2.166013718E-1	-3.047738075E-1	9.670806236E-1
1.623796160E-1	-7.639937997E-1	1.390404701E-1	-2.275824547E-1	8.092048887E-1
1.723587700E-1	-5.791533589E-1	1.112895012E-1	-7.896995544E-2	5.950127899E-1
1.823686160E-1	-3.398227692E-1	1.357283592E-1	6.639003754E-2	3.718996357E-1
1.923783850E-1	-8.840000629E-2	1.372704506E-1	1.947259903E-1	2.541179825E-1
2.023577700E-1	4.938626289E-2	1.431226730E-1	2.159996033E-1	2.637781854E-1
2.123673850E-1	3.562271595E-2	1.799435616E-1	1.306667328E-1	2.252164699E-1
2.223771540E-1	-1.086724997E-1	1.976089478E-1	-5.813217163E-2	2.328913004E-1
2.323563080E-1	-2.299774885E-1	2.616944313E-1	-2.787647247E-1	4.461876201E-1
2.423661540E-1	-2.940380573E-1	2.305498123E-1	-3.352208138E-1	5.019806661E-1
2.523759240E-1	-2.467846870E-1	1.548504829E-1	-2.721009254E-1	3.986480496E-1
2.623550780E-1	-1.943403780E-1	6.486749649E-2	-1.052575111E-1	2.303369668E-1
2.723649240E-1	-1.957269907E-1	7.501888275E-2	1.188135147E-2	2.099477415E-1
2.823747700E-1	-7.265123725E-2	1.146245003E-1	9.683895111E-2	1.667176079E-1
2.923845390E-1	1.713318527E-1	1.532416344E-1	2.256450653E-1	3.221075872E-1
3.023636930E-1	5.261991024E-1	1.488986015E-1	3.132038116E-1	6.302006954E-1
3.123735390E-1	7.927342653E-1	1.292481422E-1	4.691381454E-1	9.301737995E-1
3.223833090E-1	8.039121628E-1	1.459751129E-1	6.479616165E-1	1.042802836E0
3.323624620E-1	6.765774488E-1	1.891713142E-1	8.119869232E-1	1.073715788E0
3.423722320E-1	5.263470411E-1	1.729822159E-1	8.483247757E-1	1.013222078E0
3.523820780E-1	3.790111542E-1	1.106781960E-1	6.944928169E-1	7.988863441E-1
3.623612320E-1	1.656244397E-1	1.067757607E-1	5.702161789E-1	6.033067286E-1
3.723710010E-1	2.438127995E-2	1.471071243E-1	5.233812332E-1	5.442084785E-1
3.823808470E-1	8.601504564E-2	1.384429932E-1	4.214348793E-1	4.518544101E-1
3.923600010E-1	2.379208803E-1	1.381978989E-1	3.806996346E-1	4.697203597E-1
4.023698470E-1	3.041560054E-1	1.179070473E-1	4.640545845E-1	5.672385784E-1
4.123796160E-1	3.629902601E-1	5.101299286E-2	6.700448990E-1	7.637567813E-1
4.223587700E-1	3.823479414E-1	-4.124593735E-2	8.948545456E-1	9.739896475E-1
4.323686160E-1	4.503563046E-1	-1.290845871E-1	9.742827415E-1	1.081069143E0
4.423783860E-1	5.050312281E-1	-2.243781090E-1	1.008128166E0	1.149662766E0
4.523577700E-1	5.223333240E-1	-3.235044479E-1	1.018814564E0	1.189735409E0
4.623673860E-1	5.247115493E-1	-4.419064522E-1	1.012030602E0	1.222624006E0
4.723771550E-1	6.083910465E-1	-5.697588921E-1	9.106507301E-1	1.234524043E0
4.823563090E-1	7.245157957E-1	-6.176290512E-1	6.828575134E-1	1.171615622E0
4.923661550E-1	8.041188717E-1	-5.843410492E-1	2.607579231E-1	1.027646007E0
5.023759240E-1	7.677339911E-1	-5.278882980E-1	-6.990814209E-2	9.343279321E-1
5.123550780E-1	5.440797806E-1	-4.268383980E-1	-2.968316078E-1	7.525442373E-1
5.223649240E-1	3.254023790E-1	-3.553509712E-1	-3.525767326E-1	5.970522368E-1
5.323747710E-1	1.638277769E-1	-3.055038452E-1	-5.032091141E-1	6.110577325E-1
5.423845400E-1	2.219204903E-1	-3.172965050E-1	-5.069704056E-1	6.379222274E-1
5.523636940E-1	3.030238152E-1	-3.769607544E-1	-2.405371666E-1	5.401675401E-1
5.623735400E-1	4.610276222E-1	-5.254883766E-1	3.735203743E-1	7.925919331E-1
5.723833090E-1	5.820394158E-1	-7.461156845E-1	1.033387184E0	1.401195050E0
5.823624630E-1	6.106183529E-1	-9.423398972E-1	1.556068420E0	1.918908071E0
5.923722320E-1	6.066662073E-1	-1.076310635E0	1.897224903E0	2.264056272E0
6.023820780E-1	4.262417555E-1	-1.143758297E0	2.002778530E0	2.345418282E0
6.123612320E-1	2.639349699E-1	-1.144498825E0	1.953387737E0	2.279311931E0
6.223710020E-1	5.374085903E-2	-1.065448284E0	1.746208191E0	2.046292054E0
6.323808480E-1	-2.511681914E-1	-7.815957069E-1	1.366291523E0	1.593966698E0
6.423600020E-1	-5.271738172E-1	-5.312790871E-1	1.214502335E0	1.426599321E0
6.523698480E-1	-6.511338353E-1	-3.963623047E-1	1.144138336E0	1.374820308E0
6.623796170E-1	-6.076343060E-1	-4.600453377E-1	1.468195915E0	1.654225017E0
6.723587710E-1	-3.197162747E-1	-6.114788055E-1	2.126170158E0	2.235335404E0
6.823686170E-1	3.249260783E-1	-8.353891373E-1	2.829391479E0	2.967980477E0
6.923783860E-1	1.002114058E0	-9.743800163E-1	3.249146461E0	3.537032899E0
7.023577710E-1	1.482955217E0	-9.559688568E-1	3.405528069E0	3.835447048E0
7.123673860E-1	1.903486252E0	-9.115958214E-1	3.099620819E0	3.749922142E0
7.223771560E-1	2.110146284E0	-8.440227509E-1	2.366110802E0	3.280788331E0
7.323563090E-1	2.046352386E0	-8.178162575E-1	1.450647354E0	2.638325087E0
7.423661560E-1	1.840192556E0	-7.926526070E-1	5.363769531E-1	2.074200336E0
7.523759250E-1	1.548449039E0	-8.634195328E-1	-2.584414482E-1	1.791641621E0
7.623550790E-1	1.366146326E0	-9.582953453E-1	-7.527184486E-1	1.830647649E0
7.723649250E-1	1.152549028E0	-9.990510941E-1	-1.130614758E0	1.898621100E0
7.823747710E-1	9.462327957E-1	-9.329366684E-1	-1.370699883E0	1.909069276E0
7.923845400E-1	7.106437683E-1	-8.090324402E-1	-1.518456459E0	1.861520366E0
8.023636940E-1	4.830894470E-1	-6.801748276E-1	-1.529087067E0	1.741872690E0
8.123735400E-1	3.029328585E-1	-6.063375473E-1	-1.390120506E0	1.546560235E0
8.223833100E-1	1.130187511E-1	-5.152268410E-1	-1.171527863E0	1.284799388E0
8.323624640E-1	-6.800818443E-2	-4.286532402E-1	-9.978084564E-1	1.088113243E0
8.423722330E-1	-2.347443700E-1	-3.714718819E-1	-9.427294731E-1	1.040113041E0
8.523820790E-1	-4.318479896E-1	-2.828984261E-1	-7.753195763E-1	9.314744499E-1
8.623612330E-1	-6.193181872E-1	-2.193446159E-1	-6.476674080E-1	9.225725711E-1
8.723710020E-1	-6.181685925E-1	-1.980829239E-1	-5.544967651E-1	8.537188741E-1
8.823808480E-1	-5.265458226E-1	-1.503529549E-1	-5.479898453E-1	7.746930908E-1
8.923600020E-1	-4.467819333E-1	-1.120209694E-1	-5.493969917E-1	7.169378272E-1
9.023698480E-1	-3.997233212E-1	-4.975032806E-2	-6.044840813E-1	7.263985360E-1
9.123796180E-1	-3.791970313E-1	-2.558040619E-2	-6.116666794E-1	7.201255949E-1
9.223587710E-1	-3.312647343E-1	6.394863129E-3	-6.064162254E-1	6.910266687E-1
9.323686180E-1	-1.809244752E-1	4.180574417E-2	-4.811239243E-1	5.157146657E-1
9.423783870E-1	4.201579094E-2	8.745336533E-2	-3.479681015E-1	3.612412178E-1
9.523577720E-1	1.739523411E-1	1.377916336E-1	-2.686100006E-1	3.484211298E-1
9.623673870E-1	2.580961585E-1	1.340398788E-1	-2.900238037E-1	4.107239010E-1
9.723771560E-1	3.422353864E-1	1.354985237E-1	-2.561154366E-1	4.484194760E-1
9.823563100E-1	3.675172329E-1	1.338496208E-1	-2.488856316E-1	4.636040283E-1
9.923661560E-1	3.823707700E-1	6.551361084E-2	-2.785367966E-1	4.775795075E-1
1.002375926E0	3.841162920E-1	3.948593140E-2	-3.366289139E-1	5.122728670E-1
1.012355079E0	3.586162329E-1	5.252933502E-2	-3.765244484E-1	5.226237593E-1
1.022364926E0	3.908970356E-1	1.121401787E-1	-3.523426056E-1	5.380717646E-1
1.032374772E0	6.534032226E-1	1.284289360E-1	-1.523880959E-1	6.831192389E-1
1.042384541E0	1.011033535E0	6.041383743E-2	3.030633926E-2	1.013290242E0
1.052363695E0	1.087423086E0	4.546070099E-2	2.721805573E-1	1.121890324E0
1.062373541E0	1.061479211E0	1.336479187E-2	5.036077499E-1	1.174962765E0
1.072383310E0	9.213389158E-1	1.439094543E-2	8.405051231E-1	1.247205420E0
1.082362464E0	6.320298910E-1	1.474046707E-2	1.115879536E0	1.282523373E0
1.092372233E0	1.991841793E-1	-4.142570496E-2	1.482722282E0	1.496614778E0
1.102382080E0	-2.071543932E-1	-1.245026588E-1	1.696215153E0	1.713347513E0
1.112361233E0	-5.694047213E-1	-1.956257820E-1	1.722100735E0	1.824314152E0
1.122371003E0	-8.512908220E-1	-2.601556778E-1	1.611497402E0	1.841005409E0
1.132380849E0	-1.108406186E0	-1.984443665E-1	1.460363388E0	1.844073118E0
1.142360003E0	-1.188218474E0	-1.455845833E-1	1.397534847E0	1.840152620E0
1.152369849E0	-1.144748569E0	-7.487249374E-2	1.351126671E0	1.772455488E0
1.162379618E0	-1.166213632E0	7.131385803E-2	1.390648365E0	1.816326726E0
1.172358772E0	-1.372801781E0	3.993949890E-1	1.391773224E0	1.995277874E0
1.182368618E0	-1.728868842E0	6.277084351E-1	1.116468906E0	2.151629190E0
1.192378388E0	-2.139955997E0	9.202566147E-1	7.623376846E-1	2.451008497E0
1.202357772E0	-2.462144852E0	1.324780464E0	3.489518166E-1	2.817617419E0
1.212367388E0	-2.489909887E0	1.534759998E0	-1.204185486E-1	2.927394768E0
1.222377157E0	-2.278391361E0	1.557844162E0	-5.806760788E-1	2.820484061E0
1.232356311E0	-2.040518999E0	1.363410473E0	-7.396502495E-1	2.563140338E0
1.242366157E0	-1.831175327E0	8.790526390E-1	-3.635797501E-1	2.063522924E0
1.252375926E0	-1.450437784E0	3.791069984E-1	4.396252632E-1	1.562293908E0
1.262355080E0	-1.086192369E0	-2.203941345E-2	1.652636528E0	1.977753041E0
1.272364926E0	-6.608480215E-1	-3.307085037E-1	3.208599091E0	3.292597204E0
1.282374772E0	-1.972663403E-1	-7.794585228E-1	4.672758102E0	4.741427832E0
1.292384542E0	-1.030788422E-1	-1.080770493E0	5.303425789E0	5.413410681E0
1.302363695E0	-4.288777709E-1	-1.154783249E0	5.296471596E0	5.437837057E0
1.312373542E0	-1.259513259E0	-9.245352745E-1	4.612785339E0	4.870208179E0
1.322383311E0	-1.907711506E0	-5.097594261E-1	3.379562378E0	3.914161434E0
1.332362465E0	-2.337870121E0	-3.294353485E-1	2.223093987E0	3.242886249E0
1.342372234E0	-2.439643860E0	-2.609615326E-1	1.335781097E0	2.793613113E0
1.352382080E0	-2.235807180E0	-3.300657272E-1	5.192708969E-1	2.318926346E0
1.362361234E0	-1.963458419E0	-3.991971016E-1	-2.653121948E-2	2.003804181E0
1.372371003E0	-1.702507734E0	-4.383864403E-1	-4.728145599E-1	1.820513352E0
1.382380850E0	-1.464423180E0	-4.114675522E-1	-9.579477310E-1	1.797638632E0
1.392360003E0	-1.181764960E0	-3.929500580E-1	-1.572068691E0	2.005586732E0
1.402369850E0	-1.024773359E0	-4.304623604E-1	-2.127738476E0	2.400568537E0
1.412379619E0	-9.674731493E-1	-4.865021706E-1	-2.561328888E0	2.780844176E0
1.422358773E0	-9.698989391E-1	-6.188845634E-1	-2.735496521E0	2.967602276E0
1.432368542E0	-1.042582273E0	-8.593974113E-1	-2.671365738E0	2.993615976E0
1.442378388E0	-1.113157868E0	-1.044787884E0	-2.355595589E0	2.807050541E0
1.452357773E0	-1.175342798E0	-1.205587864E0	-1.768010616E0	2.441461515E0
1.462367388E0	-1.256527662E0	-1.264691830E0	-1.106533051E0	2.098266566E0
1.472377157E0	-1.377456903E0	-1.305463791E0	-4.705781937E-1	1.955266495E0
1.482356311E0	-1.466153026E0	-1.290475845E0	-1.402235031E-1	1.958212254E0
1.492366157E0	-1.495839834E0	-1.225104332E0	1.168155670E-2	1.933534042E0
1.502375927E0	-1.389712453E0	-1.172943115E0	8.070468903E-3	1.818560251E0
1.512355081E0	-1.284561038E0	-1.144037724E0	-1.724424362E-1	1.728772908E0
1.522364927E0	-1.166021824E0	-1.131603241E0	-5.146431923E-1	1.704403240E0
1.532374773E0	-1.104854226E0	-1.105994225E0	-8.015532494E-1	1.756819199E0
1.542384542E0	-1.146288157E0	-1.047757149E0	-1.061581612E0	1.881150472E0
1.552363696E0	-1.203606129E0	-1.089156151E0	-1.145359516E0	1.986649757E0
1.562373465E0	-1.217706800E0	-1.065481186E0	-1.166728020E0	1.994821867E0
1.572383312E0	-1.235228062E0	-1.012154102E0	-1.094734669E0	1.936152960E0
1.582362465E0	-1.194385767E0	-8.571548462E-1	-8.887476921E-1	1.717889476E0
1.592372235E0	-1.075092196E0	-7.212443352E-1	-7.660012245E-1	1.504252139E0
1.602382081E0	-8.714647293E-1	-5.801968575E-1	-8.471426964E-1	1.346747904E0
1.612361235E0	-8.180038333E-1	-3.712649345E-1	-1.027724266E0	1.364985381E0
1.622371004E0	-7.703326344E-1	-1.350769997E-1	-1.298298836E0	1.515664221E0
1.632380850E0	-7.866627574E-1	5.477809906E-2	-1.364672184E0	1.576124711E0
1.642360004E0	-5.885830522E-1	1.094894409E-1	-1.560971737E0	1.671840516E0
1.652369850E0	-4.407742023E-1	2.147407532E-1	-1.573839664E0	1.648443744E0
1.662379619E0	-4.077230692E-1	3.323726654E-1	-1.489585400E0	1.579738698E0
1.672358773E0	-4.120755196E-1	4.319753647E-1	-1.008178234E0	1.171679266E0
1.682368619E0	-3.142019510E-1	3.974075317E-1	-4.783606529E-1	6.967671968E-1
1.692378389E0	-1.018357277E-1	2.724742889E-1	-2.196073532E-2	2.917105200E-1
1.702357773E0	3.936409950E-3	1.300592422E-1	2.882122993E-1	3.162233883E-1
1.712367389E0	2.480709553E-2	8.923006058E-2	4.345774651E-1	4.443365491E-1
1.722377158E0	-6.704866886E-2	1.213154793E-1	5.388073921E-1	5.563509462E-1
1.732356312E0	-2.753419876E-1	2.108511925E-1	8.873724937E-1	9.527336344E-1
1.742366158E0	-5.596791506E-1	2.623791695E-1	1.353802204E0	1.488241912E0
1.752375927E0	-8.569819331E-1	3.257436752E-1	1.894581318E0	2.104748286E0
1.762355081E0	-1.075865269E0	2.617945671E-1	2.208956242E0	2.470933052E0
1.772364927E0	-1.085870981E0	1.842622757E-1	2.304936886E0	2.554565016E0
1.782374774E0	-9.021066427E-1	1.863913536E-1	2.257083416E0	2.437819452E0
1.792384543E0	-4.735866785E-1	1.069455147E-1	2.178111076E0	2.231566613E0
1.802363697E0	1.385159492E-1	-1.287651062E-2	2.138404846E0	2.142925047E0
1.812373543E0	6.502484083E-1	-1.724371910E-1	2.286755085E0	2.383654001E0
1.822383312E0	8.557691574E-1	-3.600444794E-1	2.526110172E0	2.691320397E0
1.832362466E0	7.440371513E-1	-4.878273010E-1	2.821544170E0	2.958492566E0
1.842372235E0	3.779612780E-1	-4.819064140E-1	2.994868755E0	3.056849257E0
1.852382081E0	1.872915030E-1	-4.909596443E-1	2.799444675E0	2.848334596E0
1.862361235E0	1.091189384E-1	-4.673047066E-1	2.244641781E0	2.295364319E0
1.872371005E0	-4.020214081E-3	-4.705319405E-1	1.523992062E0	1.594982217E0
1.882380851E0	-3.727152348E-1	-4.867644310E-1	8.493309021E-1	1.047482333E0
1.892360005E0	-1.038916349E0	-4.939255714E-1	4.799270630E-1	1.246450816E0
1.902369851E0	-1.633462548E0	-5.252079964E-1	2.173151970E-1	1.729528615E0
1.912379620E0	-1.956020355E0	-5.463857651E-1	2.219572067E-1	2.042992422E0
1.922358774E0	-1.826243520E0	-5.976557732E-1	4.854125977E-1	1.981914026E0
1.932368620E0	-1.494051099E0	-5.978946686E-1	8.097429276E-1	1.801485590E0
1.942378389E0	-9.852432013E-1	-5.359015465E-1	1.049182415E0	1.535798936E0
1.952357774E0	-3.665715456E-1	-4.487042427E-1	1.275151730E0	1.400614911E0
1.962367389E0	1.816476583E-1	-3.781957626E-1	1.327907562E0	1.392611360E0
1.972377159E0	5.825098753E-1	-4.135260582E-1	1.202690125E0	1.398851347E0
1.982356312E0	7.333064079E-1	-4.450607300E-1	9.885587692E-1	1.308841389E0
1.992366159E0	4.962229729E-1	-4.386258125E-1	6.928901672E-1	9.585022828E-1
2.002375928E0	-1.281023026E-2	-4.151134491E-1	3.555669785E-1	5.467276779E-1
2.012355082E0	-6.024008989E-1	-3.809709549E-1	-1.912212372E-2	7.130156850E-1
2.022364928E0	-1.154632330E0	-3.601708412E-1	-3.712482452E-1	1.265197262E0
2.032374774E0	-1.553230405E0	-3.558821678E-1	-7.624940872E-1	1.766514659E0
2.042384543E0	-1.699019909E0	-3.037490845E-1	-1.033442974E0	2.011699912E0
2.052363697E0	-1.721469641E0	-2.359457016E-1	-1.243754864E0	2.136832763E0
2.062373543E0	-1.646573663E0	-1.568946838E-1	-1.335901260E0	2.126135684E0
2.072383313E0	-1.484117270E0	-8.347558975E-2	-1.312248230E0	1.982818111E0
2.082362467E0	-1.383435249E0	4.606676102E-2	-1.323229790E0	1.914928801E0
2.092372236E0	-1.365735292E0	1.567487717E-1	-1.287073135E0	1.883178250E0
2.102382082E0	-1.357549429E0	3.100328445E-1	-1.340048313E0	1.932560555E0
2.112361236E0	-1.424214602E0	4.904022217E-1	-1.379185200E0	2.042310795E0
2.122371005E0	-1.467156410E0	6.730966568E-1	-1.335210800E0	2.094849618E0
2.132380851E0	-1.451603889E0	8.279595375E-1	-1.186939716E0	2.049755287E0
2.142360005E0	-1.285132289E0	8.754706383E-1	-9.664869308E-1	1.830877065E0
2.152369851E0	-1.114977837E0	8.115215302E-1	-6.792330742E-1	1.537237893E0
2.162379621E0	-9.138709903E-1	8.009653091E-1	-3.015289307E-1	1.252048445E0
2.172358774E0	-6.961535811E-1	8.121232986E-1	-2.926492691E-2	1.070060978E0
2.182368621E0	-2.255827188E-1	7.805447578E-1	1.927185059E-1	8.350317985E-1
2.192378390E0	1.577482224E-1	7.762317657E-1	3.234400749E-1	8.555897018E-1
2.202357775E0	3.606094122E-1	8.071861267E-1	5.254187584E-1	1.028422804E0
2.212367390E0	7.147736549E-1	6.455593109E-1	7.188706398E-1	1.201841586E0
2.222377159E0	7.748687267E-1	5.626611710E-1	9.283032417E-1	1.333700133E0
2.232356313E0	6.054173708E-1	4.641027451E-1	1.096313477E0	1.335599038E0
2.242366159E0	3.265620470E-1	3.124938011E-1	1.292621136E0	1.369366476E0
2.252375929E0	-1.552833319E-1	2.295665741E-1	1.453938961E0	1.480118991E0
2.262355082E0	-5.972406864E-1	1.925811768E-1	1.473137379E0	1.601223808E0
2.272364929E0	-9.131101370E-1	1.726961136E-1	1.419789314E0	1.696878242E0
2.282374775E0	-1.084230065E0	1.553649902E-1	1.412598610E0	1.787492083E0
2.292384544E0	-1.111200452E0	8.138847351E-2	1.434983253E0	1.816746396E0
2.302363698E0	-1.079689264E0	2.046823502E-2	1.673872948E0	1.991983559E0
2.312373467E0	-1.184353709E0	5.645608902E-2	1.911231995E0	2.249152893E0
2.322383313E0	-1.468413353E0	1.884956360E-1	1.977577686E0	2.470340439E0
2.332362467E0	-1.700708270E0	3.822469711E-1	1.575290680E0	2.349481239E0
2.342372236E0	-1.614376187E0	5.453314781E-1	8.406949043E-1	1.900096002E0
2.352382083E0	-1.087603927E0	6.341719627E-1	-1.789016724E-1	1.271637601E0
2.362361236E0	-2.181938887E-1	6.010851860E-1	-1.016286850E0	1.200729335E0
2.372371083E0	8.406655192E-1	3.956947327E-1	-1.092058182E0	1.433835384E0
2.382380852E0	1.680538654E0	2.118968964E-2	-4.074559212E-1	1.729358118E0
2.392360006E0	2.052093506E0	-4.677233696E-1	7.684030533E-1	2.240601741E0
2.402369852E0	1.706724763E0	-1.023728371E0	2.427333832E0	3.138929551E0
2.412379621E0	7.683885098E-1	-1.474988937E0	3.344513416E0	3.735208596E0
2.422358775E0	-4.859074950E-1	-1.458406925E0	3.654457092E0	3.964607609E0
2.432368621E0	-1.734477282E0	-1.127165318E0	3.789032459E0	4.316906308E0
2.442378390E0	-2.398294926E0	-9.191226959E-1	3.521626472E0	4.358722071E0
2.452357544E0	-2.350107431E0	-8.872470856E-1	3.347782135E0	4.185433974E0
2.462367391E0	-2.040848970E0	-8.949284554E-1	3.292000771E0	3.975327727E0
2.472377160E0	-1.589586258E0	-8.907880783E-1	3.226483345E0	3.705466590E0
2.482356314E0	-1.019388795E0	-8.059787750E-1	3.017084122E0	3.285049756E0
2.492366160E0	-4.529013336E-1	-7.903685570E-1	2.712596893E0	2.861465355E0
2.502375929E0	1.252382994E-1	-8.501973152E-1	2.284913063E0	2.441177546E0
2.512355314E0	6.262229085E-1	-9.581437111E-1	1.751329422E0	2.092211568E0
2.522364929E0	8.130147457E-1	-1.019385815E0	8.918113708E-1	1.579705016E0
2.532374698E0	5.202494860E-1	-1.016178608E0	8.804893494E-2	1.145002666E0
2.542384545E0	-7.015335560E-2	-9.880452156E-1	-5.861320496E-1	1.150958566E0
2.552363698E0	-8.409448862E-1	-1.012416363E0	-1.001433849E0	1.653797130E0
2.562373468E0	-1.434437752E0	-1.122405529E0	-1.127169132E0	2.141942130E0
2.572383314E0	-1.879126787E0	-1.240961552E0	-1.049373627E0	2.484408997E0
2.582362468E0	-2.092734098E0	-1.278955460E0	-8.524622917E-1	2.596527495E0
2.592372314E0	-2.146352530E0	-1.259618759E0	-6.662540436E-1	2.576308027E0
2.602382083E0	-2.016532660E0	-1.188766479E0	-5.510501862E-1	2.404833886E0
2.612361237E0	-1.764922857E0	-1.098074436E0	-5.406284332E-1	2.147789390E0
2.622371083E0	-1.503347635E0	-9.782543182E-1	-6.904621124E-1	1.921919237E0
2.632380852E0	-1.125913382E0	-8.500881195E-1	-1.025510788E0	1.744133920E0
2.642360006E0	-8.873453736E-1	-7.364912033E-1	-1.469587803E0	1.868017509E0
2.652369853E0	-7.520738244E-1	-6.968984604E-1	-1.821386337E0	2.090150878E0
2.662379622E0	-6.730738282E-1	-6.415109634E-1	-2.148325920E0	2.340911992E0
2.672358776E0	-7.039271593E-1	-5.306687355E-1	-2.333452702E0	2.494418622E0
2.682368622E0	-7.446594238E-1	-4.934301376E-1	-2.234611034E0	2.406548864E0
2.692378391E0	-6.847764254E-1	-5.417103767E-1	-1.796645164E0	1.997574212E0
2.702357545E0	-5.793923140E-1	-6.287970543E-1	-1.440256119E0	1.674938470E0
2.712367391E0	-5.570651293E-1	-6.246747971E-1	-1.018752098E0	1.318482460E0
2.722377160E0	-7.790583968E-1	-5.380091667E-1	-7.856745720E-1	1.230313124E0
2.732356314E0	-1.146549940E0	-4.479689598E-1	-6.861743927E-1	1.409286433E0
2.742366160E0	-1.547641516E0	-3.390059471E-1	-5.677752495E-1	1.682999711E0
2.752375930E0	-1.840279937E0	-2.927503586E-1	-4.079780579E-1	1.907558417E0
2.762355314E0	-1.834582806E0	-3.488159180E-1	-1.444058418E-1	1.873024202E0
2.772364930E0	-1.604999900E0	-4.271178246E-1	2.896356583E-1	1.685925007E0
2.782374699E0	-1.201651454E0	-5.821213722E-1	9.343447685E-1	1.629672254E0
2.792384545E0	-7.441467047E-1	-7.115306854E-1	1.375809193E0	1.718394940E0
2.802363699E0	-3.338528275E-1	-7.881202698E-1	1.614842892E0	1.827651180E0
2.812373545E0	-6.912910938E-2	-8.897943497E-1	1.642416477E0	1.869236396E0
2.822383314E0	1.513638496E-1	-9.526734352E-1	1.434531689E0	1.728692817E0
2.832362468E0	1.412756443E-1	-9.054803848E-1	1.187235355E0	1.499793761E0
2.842372315E0	6.086468697E-2	-7.724595070E-1	1.073278904E0	1.323754436E0
2.852382084E0	-1.070724726E-1	-6.947603226E-1	1.081420422E0	1.289816479E0
2.862361238E0	-2.700477242E-1	-6.085247993E-1	1.397679806E0	1.548139866E0
2.872371007E0	-6.380327940E-1	-4.763579369E-1	1.476951122E0	1.677911603E0
2.882380853E0	-9.607826471E-1	-3.065629005E-1	1.355360508E0	1.689404100E0
2.892360007E0	-9.993956089E-1	-1.813468933E-1	9.729318619E-1	1.406511531E0
2.902369853E0	-6.242945194E-1	-5.156469345E-2	4.976391792E-1	8.000295728E-1
2.912379622E0	3.481669426E-1	1.761999130E-1	9.071159363E-2	4.006185499E-1
2.922358776E0	1.134471655E0	1.447615623E-1	8.234977722E-4	1.143670636E0
2.932368622E0	1.548757315E0	8.617258072E-2	1.852798462E-1	1.562179105E0
2.942378392E0	1.526038051E0	-4.140377045E-2	5.386176109E-1	1.618831472E0
2.952357776E0	1.259623289E0	-2.830295563E-1	1.101827145E0	1.697285956E0
2.962367392E0	7.621817589E-1	-5.657801628E-1	1.970645428E0	2.187343509E0
2.972377161E0	1.966269016E-1	-8.025226593E-1	2.814156055E0	2.932947163E0
2.982356315E0	-1.697963476E-1	-8.346529007E-1	3.205081463E0	3.316326801E0
2.992366161E0	-4.813724756E-1	-7.434782982E-1	3.029932976E0	3.156734591E0
3.002375930E0	-6.379745007E-1	-6.250157356E-1	2.451060295E0	2.608707094E0
3.012355084E0	-7.278037071E-1	-4.979519844E-1	1.756541252E0	1.965474901E0
3.022364930E0	-5.223954916E-1	-4.322862625E-1	1.168170929E0	1.350700478E0
3.032374777E0	-5.107998848E-2	-4.491243362E-1	6.656408310E-1	8.046114283E-1
3.042384546E0	5.476453900E-1	-4.918150902E-1	3.416366577E-1	8.114882390E-1
3.052363700E0	9.944745898E-1	-4.788594246E-1	1.944437027E-1	1.120756179E0
3.062373546E0	1.280578494E0	-4.740166664E-1	2.090454102E-3	1.365495313E0
3.072383315E0	1.312871337E0	-5.170359612E-1	-2.659611702E-1	1.435859560E0
3.082362469E0	1.105733156E0	-5.740599632E-1	-6.252193451E-1	1.393947590E0
3.092372238E0	7.226423025E-1	-6.390471458E-1	-7.680602074E-1	1.233089467E0
3.102382084E0	2.444628477E-1	-6.235890388E-1	-8.572087288E-1	1.087856690E0
3.112361238E0	-1.334751248E-1	-5.811762810E-1	-7.575969696E-1	9.641237716E-1
3.122371008E0	-4.932807982E-1	-5.359315872E-1	-5.623250008E-1	9.201945547E-1
3.132380854E0	-7.396035194E-1	-4.588656425E-1	-3.601789474E-1	9.419659856E-1
3.142360008E0	-8.486946821E-1	-3.480234146E-1	-2.045927048E-1	9.398197356E-1
3.152369854E0	-8.427109122E-1	-2.237310410E-1	-1.934614182E-1	8.931095009E-1
3.162379623E0	-7.236220837E-1	-1.609625816E-1	-1.786937714E-1	7.625413671E-1
3.172358777E0	-5.369918346E-1	-1.345391273E-1	-2.149410248E-1	5.938523818E-1
3.182368623E0	-2.937056720E-1	-1.435537338E-1	-4.357638359E-1	5.447575763E-1
3.192378392E0	-1.205168366E-1	-1.091780663E-1	-8.725686073E-1	8.875923234E-1
3.202357546E0	-1.623174846E-1	-3.206825256E-2	-1.296866894E0	1.307378705E0
3.212367392E0	-3.007092774E-1	3.780508041E-2	-1.657684326E0	1.685162490E0
3.222377162E0	-4.207313657E-1	8.468389511E-2	-1.930569172E0	1.977696532E0
3.232356315E0	-4.317775965E-1	1.135363579E-1	-2.332224369E0	2.374572152E0
3.242366162E0	-3.442651331E-1	2.324686050E-1	-2.648526192E0	2.680904907E0
3.252375931E0	-3.104911149E-1	3.055400848E-1	-2.833043575E0	2.866338322E0
3.262355085E0	-3.066210747E-1	2.753138542E-1	-2.852874756E0	2.882483057E0
3.272364931E0	-3.109713197E-1	2.714967728E-1	-2.542484283E0	2.575779492E0
3.282374777E0	-2.655375004E-1	2.168436050E-1	-1.991931438E0	2.021217991E0
3.292384546E0	6.170451641E-3	1.264004707E-1	-9.411797523E-1	9.496496616E-1
3.302363700E0	4.700754881E-1	5.935573578E-2	-7.295989990E-2	4.793925478E-1
3.312373469E0	9.690269232E-1	8.841228485E-2	6.347742081E-1	1.161795251E0
3.322383316E0	1.121661663E0	1.780710220E-1	1.147330284E0	1.614373239E0
3.332362470E0	1.001120806E0	3.690361977E-1	1.523735046E0	1.860161035E0
3.342372239E0	4.688998461E-1	5.533118248E-1	1.687623024E0	1.836870304E0
3.352382085E0	5.721980333E-2	6.752724648E-1	1.846765518E0	1.967183237E0
3.362361239E0	-2.184980512E-1	6.690716743E-1	1.895594597E0	2.022047769E0
3.372371085E0	-2.961281538E-1	6.616168022E-1	1.839907646E0	1.977546162E0
3.382380854E0	-3.007820547E-1	7.301964760E-1	1.787423134E0	1.954108031E0
3.392360008E0	-2.798887193E-1	7.541012764E-1	1.868736267E0	2.034497890E0
3.402369854E0	-4.745517969E-1	9.074392319E-1	2.113275528E0	2.348314039E0
3.412379624E0	-8.595023155E-1	1.173056602E0	2.274132729E0	2.699349123E0
3.422358777E0	-1.165985823E0	1.478624344E0	2.266570091E0	2.946725788E0
3.432368624E0	-1.138589382E0	1.710634708E0	1.899195671E0	2.798142435E0
3.442378393E0	-5.228364468E-1	1.761788845E0	1.156079292E0	2.171123491E0
3.452357547E0	3.741468787E-1	1.598008633E0	4.804992676E-1	1.710116085E0
3.462367393E0	1.262090802E0	1.284393311E0	4.885129929E-1	1.865793213E0
3.472377162E0	1.621800303E0	9.767074585E-1	1.619515419E0	2.491389949E0
3.482356316E0	1.910611033E0	3.955526352E-1	3.190062523E0	3.739437833E0
3.492366162E0	1.580817819E0	-1.913380623E-1	5.182348251E0	5.421469231E0
3.502375931E0	8.101377487E-1	-6.703171730E-1	6.208775520E0	6.297185224E0
3.512355316E0	-3.725964129E-1	-7.261133194E-1	6.311576843E0	6.364123733E0
3.522364932E0	-1.354816794E0	-4.901905060E-1	5.446100235E0	5.633455693E0
3.532374701E0	-2.074695587E0	-2.841477394E-1	3.921724319E0	4.445787147E0
3.542384547E0	-2.352065802E0	-2.476296425E-1	2.787105560E0	3.655337382E0
3.552363701E0	-2.159184933E0	-4.080591202E-1	1.854135513E0	2.875136574E0
3.562373470E0	-1.511679888E0	-6.983180046E-1	1.207651138E0	2.056999123E0
3.572383316E0	-7.246593833E-1	-9.174799919E-1	6.583242416E-1	1.341749442E0
3.582362470E0	-1.841830015E-1	-9.657521248E-1	1.338262558E-1	9.922247786E-1
3.592372316E0	1.945192218E-1	-9.848823547E-1	-4.424281120E-1	1.097075027E0
3.602382086E0	3.212002516E-1	-9.696898460E-1	-9.710125923E-1	1.409373426E0
3.612361239E0	1.332364678E-1	-1.071253300E0	-1.460373878E0	1.816047206E0
3.622371086E0	-2.129713893E-1	-1.171182156E0	-1.724956036E0	2.095828662E0
3.632380855E0	-7.562490702E-1	-1.174573898E0	-1.722479820E0	2.217763114E0
3.642360009E0	-1.319615960E0	-1.131467342E0	-1.406255722E0	2.235880092E0
3.652369855E0	-1.619927287E0	-1.088481903E0	-9.348416328E-1	2.163997724E0
3.662379624E0	-1.605065584E0	-1.102329254E0	-6.110630035E-1	2.040775173E0
3.672358778E0	-1.460167050E0	-1.108749866E0	-4.739098549E-1	1.893674901E0
3.682368624E0	-1.188725591E0	-1.016591072E0	-6.228332520E-1	1.683581658E0
3.692378393E0	-9.836851954E-1	-8.741059303E-1	-9.312219620E-1	1.612101760E0
3.702357547E0	-7.254543900E-1	-7.547578812E-1	-1.287137985E0	1.659116549E0
3.712367394E0	-4.883175492E-1	-6.824245453E-1	-1.596831799E0	1.803892758E0
3.722377163E0	-2.285807729E-1	-6.186952591E-1	-1.778732777E0	1.897082835E0
3.732356317E0	-1.002982855E-1	-5.828995705E-1	-1.858785629E0	1.950619304E0
3.742366163E0	2.529895306E-2	-5.677528381E-1	-1.860585213E0	1.945446133E0
3.752375932E0	3.250539303E-2	-5.654802322E-1	-1.789655209E0	1.877149504E0
3.762355317E0	-2.541351318E-2	-5.171713829E-1	-1.826807499E0	1.898772689E0
3.772364932E0	-2.489749789E-1	-4.011149406E-1	-1.766116619E0	1.828127361E0
3.782374701E0	-5.012056231E-1	-3.518190384E-1	-1.631057262E0	1.742220280E0
3.792384548E0	-7.707384825E-1	-2.929220200E-1	-1.349964142E0	1.581848382E0
3.802363701E0	-9.479845166E-1	-2.610197067E-1	-1.015646935E0	1.413628178E0
3.812373548E0	-1.053432584E0	-2.688913345E-1	-6.365308762E-1	1.259839003E0
3.822383317E0	-1.100045681E0	-3.079490662E-1	-2.042036057E-1	1.160444846E0
3.832362471E0	-1.111299515E0	-3.516993523E-1	2.689347267E-1	1.196246184E0
3.842372317E0	-1.163169861E0	-3.561792374E-1	7.004814148E-1	1.403745699E0
3.852382086E0	-9.334507585E-1	-3.503088951E-1	1.002589703E0	1.413942273E0
3.862361240E0	-5.182818174E-1	-3.913030624E-1	1.016149044E0	1.205940715E0
3.872371009E0	-2.765870094E-2	-3.570699692E-1	9.280624390E-1	9.947682430E-1
3.882380855E0	2.702648044E-1	-4.525232315E-1	7.678532600E-1	9.313532995E-1
3.892360009E0	5.857735276E-1	-5.567069054E-1	4.741773605E-1	9.369617780E-1
3.902369856E0	7.856592536E-1	-6.352710724E-1	1.014494896E-1	1.015441676E0
3.912379625E0	7.619330883E-1	-6.475634575E-1	-3.025431633E-1	1.044707054E0
3.922358779E0	5.816069841E-1	-6.300835609E-1	-5.240669250E-1	1.004946824E0
3.932368625E0	3.894240856E-1	-6.680426598E-1	-6.110696793E-1	9.855649480E-1
3.942378394E0	8.908462524E-2	-6.854605675E-1	-7.083868980E-1	9.897495932E-1
3.952357779E0	-2.350920439E-1	-6.170468330E-1	-8.068699837E-1	1.042618930E0
3.962367394E0	-5.543824434E-1	-5.002131462E-1	-8.761863708E-1	1.151197482E0
3.972377163E0	-7.572097182E-1	-3.821673393E-1	-1.075327873E0	1.369579668E0
3.982356317E0	-3.892443776E-1	-2.393150330E-1	-1.561842442E0	1.627309031E0
3.992366163E0	3.303788304E-1	5.393981934E-2	-2.192482948E0	2.217891150E0
4.002375933E0	1.224183559E0	5.447125435E-1	-2.593725681E0	2.919374942E0
4.012355087E0	2.014533997E0	1.040977955E0	-2.401385784E0	3.302822431E0
4.022364933E0	2.957229853E0	1.179275036E0	-1.448889732E0	3.497882140E0
4.032374779E0	3.487105608E0	9.374222755E-1	-4.348754883E-4	3.610909336E0
4.042384548E0	3.659972906E0	4.329357147E-1	1.693289280E0	4.055867798E0
4.052363702E0	3.332495928E0	3.526067734E-2	3.185493469E0	4.610221369E0
4.062373548E0	2.393797159E0	-7.265186310E-2	4.189524174E0	4.825728539E0
4.072383317E0	1.328956366E0	1.420025826E-1	4.711785793E0	4.897674460E0
4.082362471E0	5.525854230E-1	3.064236641E-1	4.849966049E0	4.890952544E0
4.092372241E0	2.834964395E-1	2.444090843E-1	4.611000061E0	4.626167701E0
4.102382087E0	2.945956588E-1	7.154417038E-2	4.202562332E0	4.213482565E0
4.112361241E0	3.025739789E-1	-1.693439484E-2	3.845761299E0	3.857682952E0
4.122371010E0	3.410400152E-1	-4.683780670E-2	3.371699333E0	3.389226824E0
4.132380856E0	4.081657827E-1	-1.721382141E-3	2.777956009E0	2.807782373E0
4.142360010E0	4.519557059E-1	6.671714783E-2	2.276201248E0	2.321595843E0
4.152369856E0	6.056644917E-1	6.918001175E-2	1.740125656E0	1.843814700E0
4.162379625E0	7.608985901E-1	2.646017075E-2	1.227888107E0	1.444775418E0
4.172358779E0	9.301082492E-1	-7.414913177E-2	6.444902420E-1	1.134004903E0
4.182368625E0	9.648041129E-1	-1.881051064E-1	1.538448334E-1	9.949365508E-1
4.192378395E0	8.951655626E-1	-3.070383072E-1	-2.642049789E-1	9.825467813E-1
4.202357779E0	5.638645887E-1	-3.685364723E-1	-6.504311562E-1	9.363883248E-1
4.212367395E0	1.011924148E-1	-3.719897270E-1	-1.052734852E0	1.121100767E0
4.222377164E0	-2.782454491E-1	-3.485527039E-1	-1.432121754E0	1.499960744E0
4.232356318E0	-6.116080284E-1	-3.007335663E-1	-1.696914673E0	1.828667401E0
4.242366164E0	-8.314065933E-1	-2.618227005E-1	-1.791944027E0	1.992699537E0
4.252375933E0	-8.554622531E-1	-2.957410812E-1	-1.830109119E0	2.041709539E0
4.262355087E0	-6.445785761E-1	-3.650631905E-1	-1.911495686E0	2.050016690E0
4.272364933E0	-3.594533503E-1	-3.605556488E-1	-2.112266064E0	2.172757467E0
4.282374780E0	-1.312508881E-1	-2.434902191E-1	-2.351337433E0	2.367551901E0
4.292384549E0	-5.154328048E-2	-6.285905838E-2	-2.483458042E0	2.484788083E0
4.302363703E0	-7.423486561E-2	1.005816460E-1	-2.532065392E0	2.535149429E0
4.312373472E0	-1.015394926E-1	1.886520386E-1	-2.445539951E0	2.454906416E0
4.322383318E0	-1.869961619E-1	2.437376976E-1	-2.265679836E0	2.286412200E0
4.332362472E0	-3.634748459E-1	3.003959656E-1	-1.985967636E0	2.041180823E0
4.342372241E0	-5.389224291E-1	3.219356537E-1	-1.645784378E0	1.761444342E0
4.352382087E0	-5.258981586E-1	3.407254219E-1	-1.349754810E0	1.488119866E0
4.362361241E0	-2.928235531E-1	4.139332771E-1	-1.059401989E0	1.174486682E0
4.372371087E0	2.117036283E-2	5.259718895E-1	-8.425703049E-1	9.934884657E-1
4.382380857E0	3.445269763E-1	5.739383698E-1	-6.240892410E-1	9.152002352E-1
4.392360011E0	5.044729710E-1	5.263867378E-1	-3.526349068E-1	8.098934212E-1
4.402369857E0	5.387833714E-1	4.840183258E-1	1.675701141E-1	7.433982810E-1
4.412379626E0	5.608764887E-1	4.989566803E-1	6.347899437E-1	9.831065441E-1
4.422358780E0	4.958784580E-1	4.982161522E-1	1.005854607E0	1.227134169E0
4.432368626E0	3.584171534E-1	5.846648216E-1	1.170097828E0	1.356253935E0
4.442378395E0	2.809433043E-1	6.556134224E-1	1.205839634E0	1.401002256E0
4.452357549E0	1.261653900E-1	7.272157669E-1	1.154379845E0	1.370165429E0
4.462367395E0	-2.720978856E-2	7.787237167E-1	1.273797989E0	1.493222126E0
4.472377165E0	-2.418671250E-1	8.473424911E-1	1.407529354E0	1.660610697E0
4.482356318E0	-4.519990981E-1	9.867086411E-1	1.571626186E0	1.909949213E0
4.492366165E0	-6.744773388E-1	1.233037949E0	1.725111961E0	2.225154723E0
4.502375934E0	-7.968629599E-1	1.394033432E0	1.643493176E0	2.297692234E0
4.512355319E0	-7.422854304E-1	1.541462898E0	1.259254932E0	2.124339547E0
4.522364934E0	-4.024659991E-1	1.759601593E0	8.184471130E-1	1.981926417E0
4.532374703E0	2.973093092E-1	1.879503727E0	6.831388474E-1	2.021782820E0
4.542384549E0	1.308902860E0	1.587722778E0	1.243237972E0	2.404107105E0
4.552363703E0	2.265642881E0	7.923574448E-1	2.405897141E0	3.398427436E0
4.562373472E0	2.650133848E0	1.797533035E-2	3.378659248E0	4.294050633E0
4.572383319E0	2.347303152E0	-6.976394653E-1	4.132513523E0	4.803561276E0
4.582362473E0	1.322646499E0	-1.183789730E0	4.432391167E0	4.774603998E0
4.592372319E0	-5.869871005E-2	-1.402770042E0	4.257724762E0	4.483238727E0
4.602382088E0	-1.402256250E0	-1.317483902E0	3.734482765E0	4.201005588E0
4.612361242E0	-2.180943727E0	-1.162958622E0	2.959951401E0	3.856202872E0
4.622371088E0	-2.505652428E0	-9.915041924E-1	2.263159752E0	3.518986603E0
4.632380857E0	-2.381213427E0	-8.745102882E-1	1.842040062E0	3.134973240E0
4.642360011E0	-1.826153994E0	-8.778157234E-1	1.562417030E0	2.558621861E0
4.652369857E0	-7.899602652E-1	-1.034430504E0	1.286439896E0	1.830030408E0
4.662379627E0	3.343615532E-1	-1.190122604E0	8.768291473E-1	1.515591903E0
4.672358780E0	9.828953743E-1	-1.274302006E0	4.905176163E-1	1.682419820E0
4.682368627E0	1.334809303E0	-1.365980625E0	-2.371215820E-2	1.910021259E0
4.692378396E0	1.368045807E0	-1.388643742E0	-4.537711143E-1	2.001446726E0
4.702357550E0	1.196110725E0	-1.380481243E0	-9.228610992E-1	2.046480378E0
4.712367396E0	9.155333042E-1	-1.399962425E0	-1.362572670E0	2.157475447E0
4.722377165E0	6.252552271E-1	-1.394199848E0	-1.596714973E0	2.210030774E0
4.732356319E0	3.222429752E-1	-1.415496349E0	-1.713531971E0	2.245809935E0
4.742366165E0	1.650397480E-1	-1.375225544E0	-1.521031857E0	2.057187722E0
4.752375934E0	1.880725324E-1	-1.425244808E0	-1.166460991E0	1.851303671E0
4.762355319E0	4.742613435E-1	-1.526794910E0	-7.707080841E-1	1.774828857E0
4.772364935E0	9.115191102E-1	-1.626445770E0	-4.003791809E-1	1.906959994E0
4.782374704E0	1.205174923E0	-1.642373085E0	-3.827605247E-1	2.072761821E0
4.792384550E0	1.372266650E0	-1.668735027E0	-5.431742668E-1	2.227741151E0
4.802363704E0	1.409546614E0	-1.704421043E0	-8.111433983E-1	2.355806945E0
4.812373550E0	1.211775064E0	-1.717416286E0	-1.108145714E0	2.376111199E0
4.822383319E0	9.045057297E-1	-1.626109123E0	-1.345626354E0	2.296317004E0
4.832362473E0	6.943417192E-1	-1.493834972E0	-1.629322529E0	2.316968979E0
4.842372319E0	5.166508555E-1	-1.323626518E0	-1.769131184E0	2.269083606E0
4.852382089E0	3.799199462E-1	-1.079791546E0	-1.960718155E0	2.270397461E0
4.862361242E0	3.287592232E-1	-8.920564651E-1	-1.935026169E0	2.155962346E0
4.872371012E0	2.057629526E-1	-7.586340904E-1	-1.717170238E0	1.888527920E0
4.882380858E0	1.442876309E-1	-6.523890495E-1	-1.360232830E0	1.515474759E0
4.892360012E0	5.855128169E-2	-5.265388489E-1	-1.033289433E0	1.161188384E0
4.902369858E0	-1.546599865E-1	-3.750305176E-1	-7.258505821E-1	8.315206961E-1
4.912379627E0	-3.997586370E-1	-2.109236717E-1	-3.461513519E-1	5.693123234E-1
4.922358781E0	-4.426919222E-1	-1.170229912E-1	4.694604874E-2	4.602982185E-1
4.932368627E0	-2.420587242E-1	-5.022239685E-2	4.383139610E-1	5.032234529E-1
4.942378396E0	-2.811667323E-2	1.420497894E-3	6.092591286E-1	6.099092153E-1
4.952357781E0	1.213351786E-1	8.927392960E-2	5.768585205E-1	5.962028285E-1
4.962367397E0	3.071526587E-1	1.678652763E-1	3.045644760E-1	4.639838648E-1
4.972377166E0	5.379369855E-1	9.966516495E-2	1.024880409E-1	5.566086093E-1
4.982356320E0	6.806285381E-1	1.545858383E-2	-1.870565414E-1	7.060342233E-1
4.992366166E0	5.436314940E-1	-1.986408234E-2	-4.125952721E-1	6.827625075E-1
5.002375935E0	1.931752861E-1	-1.587486267E-2	-5.277695656E-1	5.622360863E-1
5.012355089E0	-1.331577599E-1	5.254745483E-4	-4.548721313E-1	4.739619405E-1
5.022364935E0	-3.274362981E-1	2.292633057E-2	-3.069801331E-1	4.494184554E-1
5.032374781E0	-5.402342677E-1	9.428977966E-2	-9.101247787E-2	5.559018778E-1
5.042384551E0	-8.032958508E-1	1.903724670E-1	1.216077805E-1	8.344545238E-1
5.052363704E0	-1.105252743E0	2.801027298E-1	2.850780487E-1	1.175291733E0
5.062373551E0	-1.422391176E0	3.704228401E-1	1.738824844E-1	1.480082720E0
5.072383320E0	-1.535672069E0	4.272403717E-1	2.482366562E-2	1.594189215E0
5.082362474E0	-1.467930555E0	4.417066574E-1	8.804845810E-2	1.535473027E0
5.092372243E0	-1.332181573E0	4.338798523E-1	3.318891525E-1	1.439829809E0
5.102382089E0	-1.183736086E0	2.860555649E-1	1.008849144E0	1.581403017E0
5.112361243E0	-1.034759283E0	-9.244918823E-3	2.043558121E0	2.290620448E0
5.122371012E0	-1.122279644E0	-3.337087631E-1	2.889169693E0	3.117398700E0
5.132380858E0	-1.395291328E0	-5.522623062E-1	3.646846771E0	3.943516568E0
5.142360012E0	-1.716271162E0	-7.005572319E-1	4.270172119E0	4.655183892E0
5.152369858E0	-2.017859459E0	-8.255214691E-1	4.829036713E0	5.298380702E0
5.162379628E0	-2.284839630E0	-8.599147797E-1	5.266714096E0	5.805017049E0
5.172358782E0	-2.406801462E0	-8.463783264E-1	5.413483620E0	5.984551316E0
5.182368628E0	-2.291657925E0	-7.836265564E-1	5.131278038E0	5.674132615E0
5.192378397E0	-1.991580129E0	-5.474090576E-1	4.602985382E0	5.045148413E0
5.202357782E0	-1.647615671E0	-3.339338303E-1	4.115091324E0	4.445236305E0
5.212367397E0	-1.158904076E0	-2.491745949E-1	3.642018318E0	3.830071026E0
5.222377166E0	-3.736607432E-1	-2.372345924E-1	3.046607018E0	3.078590087E0
5.232356320E0	3.320560753E-1	-2.270565033E-1	2.238541603E0	2.274397591E0
5.242366166E0	8.759719133E-1	-1.607365608E-1	1.364160538E0	1.629139959E0
5.252375936E0	1.166567564E0	-1.146416664E-1	4.846839905E-1	1.268440445E0
5.262355090E0	1.332516432E0	-6.918907166E-2	-5.725464821E-1	1.451963031E0
5.272364936E0	1.200951457E0	-8.629941940E-2	-1.321958542E0	1.788101333E0
5.282374782E0	8.656197786E-1	-1.133370399E-1	-1.679717541E0	1.893038273E0
5.292384551E0	4.519909322E-1	-2.190375328E-1	-1.729522705E0	1.800978076E0
5.302363705E0	-3.289294988E-2	-3.682413101E-1	-1.637084961E0	1.678311883E0
5.312373474E0	-3.521987200E-1	-4.485702515E-1	-1.500848293E0	1.605554362E0
5.322383320E0	-6.122641563E-1	-4.516940117E-1	-1.378415108E0	1.574459617E0
5.332362474E0	-8.038625717E-1	-4.133510590E-1	-1.323472500E0	1.602695726E0
5.342372244E0	-8.499297500E-1	-3.954157829E-1	-1.210247040E0	1.530827266E0
5.352382090E0	-7.739045024E-1	-3.902935982E-1	-1.126072884E0	1.421019849E0
5.362361244E0	-6.129208803E-1	-3.464994431E-1	-1.132429600E0	1.333465661E0
5.372371090E0	-4.188372493E-1	-3.081860542E-1	-1.230962753E0	1.336290607E0
5.382380859E0	-3.205135167E-1	-2.707347870E-1	-1.275375366E0	1.342612589E0
5.392360013E0	-2.867765129E-1	-2.312636375E-1	-1.433438778E0	1.480023773E0
5.402369859E0	-2.773759365E-1	-2.432065010E-1	-1.584016323E0	1.626405400E0
5.412379628E0	-3.855776787E-1	-2.884082794E-1	-1.785437584E0	1.849226013E0
5.422358782E0	-5.224119425E-1	-3.040065765E-1	-1.970362186E0	2.060985537E0
5.432368628E0	-7.300955057E-1	-3.306603432E-1	-2.123801708E0	2.270002072E0
5.442378398E0	-9.113157988E-1	-2.773270607E-1	-2.142269611E0	2.344509729E0
5.452357552E0	-1.202188134E0	-1.399135590E-1	-1.931335926E0	2.279230259E0
5.462367398E0	-1.387894034E0	-3.519773483E-2	-1.527387142E0	2.064073694E0
5.472377167E0	-1.550289631E0	-7.582664490E-3	-1.044429779E0	1.869301741E0
5.482356321E0	-1.592137694E0	-2.806949615E-2	-5.766868591E-1	1.693593242E0
5.492366167E0	-1.567537427E0	-1.047325134E-1	-1.936354637E-1	1.582920458E0
5.502375936E0	-1.480302691E0	-1.526689529E-1	-6.986236572E-2	1.489793482E0
5.512355321E0	-1.306862831E0	-1.584062576E-1	4.666805267E-2	1.317255066E0
5.522364936E0	-1.013682842E0	-1.311950684E-1	5.038738251E-2	1.023378688E0
5.532374706E0	-4.907271564E-1	-1.245145798E-1	1.214337349E-1	5.206372774E-1
5.542384552E0	-1.340132952E-1	-5.157232285E-2	2.325711250E-1	2.733287324E-1
5.552363706E0	-1.164662838E-1	7.365512848E-2	4.435892105E-1	4.645006576E-1
5.562373475E0	-3.489841819E-1	2.265057564E-1	7.465209961E-1	8.546276467E-1
5.572383321E0	-5.510281920E-1	3.105349541E-1	1.048830032E0	1.224789150E0
5.582362475E0	-6.375714540E-1	3.043384552E-1	1.295358658E0	1.475490870E0
5.592372321E0	-7.158557177E-1	2.993779182E-1	1.587291241E0	1.766796544E0
5.602382090E0	-7.772166729E-1	3.137845993E-1	1.943220615E0	2.116278075E0
5.612361244E0	-7.420344949E-1	2.918658257E-1	2.146437168E0	2.289758365E0
5.622371090E0	-7.512891889E-1	3.561692238E-1	2.172622204E0	2.326280121E0
5.632380860E0	-8.249973059E-1	5.114622116E-1	2.069116116E0	2.285488055E0
5.642360014E0	-8.591466546E-1	7.769880295E-1	2.008086205E0	2.318243641E0
5.652369860E0	-6.981241703E-1	9.364089966E-1	2.009118080E0	2.323960978E0
5.662379629E0	-1.758366823E-1	9.710469246E-1	2.030813694E0	2.257887271E0
5.672358783E0	5.312612057E-1	8.593916893E-1	2.296103954E0	2.508562519E0
5.682368629E0	1.008828282E0	6.397314072E-1	2.478457451E0	2.751316433E0
5.692378398E0	1.264566541E0	3.080506325E-1	2.643065453E0	2.946153206E0
5.702357552E0	1.317154527E0	-1.208086014E-1	2.733227730E0	3.036449339E0
5.712367398E0	1.054614782E0	-5.436258316E-1	3.060550690E0	3.282485630E0
5.722377168E0	7.268649936E-1	-9.100422859E-1	3.277347565E0	3.478148464E0
5.732356321E0	2.637916505E-1	-1.235321999E0	3.427365303E0	3.652730403E0
5.742366168E0	-4.101022482E-1	-1.488199711E0	3.235757828E0	3.585115194E0
5.752375937E0	-1.291338682E0	-1.586693287E0	2.709532738E0	3.395102183E0
5.762355321E0	-1.862510681E0	-1.540433884E0	2.021495819E0	3.150924933E0
5.772364937E0	-2.109699965E0	-1.463664055E0	1.219660759E0	2.842660510E0
5.782374706E0	-2.024970055E0	-1.372442245E0	4.457921982E-1	2.486530137E0
5.792384552E0	-1.685572982E0	-1.324447155E0	-3.196606636E-1	2.167371561E0
5.802363706E0	-1.250224948E0	-1.231872559E0	-7.023215294E-1	1.890457075E0
5.812373552E0	-7.292757034E-1	-1.152607441E0	-8.449411392E-1	1.604453955E0
5.822383322E0	-5.118477345E-2	-1.013877869E0	-5.766754150E-1	1.167528478E0
5.832362476E0	5.469148159E-1	-1.009228230E0	-2.606830597E-1	1.177120679E0
5.842372322E0	1.113394737E0	-1.116692066E0	8.401966095E-2	1.579147971E0
5.852382091E0	1.488328695E0	-1.225494862E0	3.791532516E-1	1.964870772E0
5.862361245E0	1.730393529E0	-1.342987537E0	4.397230148E-1	2.234106895E0
5.872371014E0	1.722372293E0	-1.443944454E0	2.358741760E-1	2.259906753E0
5.882380860E0	1.533188581E0	-1.507555008E0	4.014158249E-2	2.150581474E0
5.892360014E0	1.302222967E0	-1.561451912E0	-2.608208656E-1	2.049864448E0
5.902369860E0	1.049773574E0	-1.572963715E0	-6.348867416E-1	1.994823445E0
5.912379630E0	6.923509836E-1	-1.495252609E0	-8.418116570E-1	1.850345134E0
5.922358783E0	3.925240040E-1	-1.387281418E0	-8.943476677E-1	1.696609141E0
5.932368630E0	2.074485719E-1	-1.332276821E0	-8.222002983E-1	1.579243417E0
5.942378399E0	2.338441312E-1	-1.239898205E0	-5.152516365E-1	1.362906778E0
5.952357783E0	3.186100423E-1	-1.119257927E0	-2.166848183E-1	1.183724198E0
5.962367399E0	5.318126678E-1	-9.673495293E-1	5.773401260E-2	1.105406279E0
5.972377168E0	9.540224075E-1	-8.422141075E-1	2.360591888E-1	1.294297994E0
5.982356322E0	1.391494155E0	-6.784291267E-1	3.580870628E-1	1.588945691E0
5.992366168E0	1.838647246E0	-6.254301071E-1	2.956724167E-1	1.964486878E0
6.002375937E0	2.230953455E0	-5.680956841E-1	1.616530418E-1	2.307816659E0
6.012355091E0	2.396230698E0	-5.515794754E-1	-8.689546585E-2	2.460429291E0
6.022364937E0	2.291866064E0	-4.586777687E-1	-3.270635605E-1	2.360085999E0
6.032374784E0	2.022282362E0	-3.875427246E-1	-4.462499619E-1	2.106882613E0
6.042384553E0	1.743495226E0	-3.304686546E-1	-4.136795998E-1	1.822118532E0
6.052363707E0	1.625120163E0	-2.909770012E-1	-1.588835716E-1	1.658591917E0
6.062373553E0	1.695948839E0	-2.922701836E-1	1.975517273E-1	1.732250274E0
6.072383322E0	1.773432136E0	-2.208294868E-1	5.059084892E-1	1.857355809E0
6.082362476E0	1.760488749E0	-1.483211517E-1	7.896614075E-1	1.935170519E0
6.092372245E0	1.735167265E0	-1.682128906E-1	1.165965080E0	2.097278137E0
6.102382092E0	1.731132030E0	-2.382102013E-1	1.350409031E0	2.208430836E0
6.112361245E0	1.693746090E0	-3.539910316E-1	1.307223320E0	2.168621285E0
6.122371015E0	1.651425123E0	-4.362688065E-1	1.107781887E0	2.035857588E0
6.132380861E0	1.712100625E0	-4.377889633E-1	5.707440376E-1	1.857066634E0
6.142360015E0	1.810931802E0	-3.899636269E-1	1.982355118E-2	1.852549215E0
6.152369861E0	1.790305853E0	-3.295397758E-1	-2.708230019E-1	1.840417509E0
6.162379630E0	1.843945980E0	-3.066039085E-1	-4.111232758E-1	1.913939676E0
6.172358784E0	1.930364251E0	-3.416519165E-1	-3.345127106E-1	1.988700814E0
6.182368630E0	2.068794966E0	-3.962597847E-1	-1.465916634E-1	2.111497938E0
6.192378399E0	2.308838367E0	-4.271268845E-1	1.907119751E-1	2.355746812E0
6.202357784E0	2.648215532E0	-4.335656166E-1	8.587174416E-1	2.817520238E0
6.212367399E0	3.052922010E0	-5.398364067E-1	1.546034813E0	3.464387361E0
6.222377169E0	3.305873871E0	-6.793985367E-1	2.119247913E0	3.985172034E0
6.232356323E0	3.239965916E0	-7.515783310E-1	2.547171116E0	4.189311377E0
6.242366169E0	2.668932438E0	-7.593545914E-1	2.689272404E0	3.864195364E0
6.252375938E0	2.072126865E0	-7.873868942E-1	2.676012993E0	3.474871711E0
6.262355092E0	1.630536199E0	-8.245897293E-1	2.529971123E0	3.120793232E0
6.272364938E0	1.332934141E0	-8.610954285E-1	2.286888599E0	2.783533407E0
6.282374784E0	1.247583985E0	-8.200364113E-1	2.066222668E0	2.549157043E0
6.292384554E0	1.252139091E0	-7.077040672E-1	2.013145447E0	2.474156814E0
6.302363707E0	1.277961612E0	-6.227269173E-1	2.029530525E0	2.477896053E0
6.312373477E0	1.314359188E0	-5.616774559E-1	2.020549774E0	2.475003642E0
6.322383323E0	1.381420732E0	-5.488142967E-1	1.845876694E0	2.369974924E0
6.332362477E0	1.542985559E0	-5.581998825E-1	1.496072292E0	2.220500810E0
6.342372246E0	1.710676432E0	-5.483002663E-1	1.036425114E0	2.073939259E0
6.352382092E0	1.888974547E0	-5.385899544E-1	4.022064209E-1	2.005012216E0
6.362361246E0	1.956746697E0	-5.388050079E-1	-1.168594360E-1	2.032934972E0
6.372371092E0	2.025616407E0	-5.341930389E-1	-5.266776085E-1	2.160063271E0
6.382380861E0	2.105091333E0	-5.340027809E-1	-4.587311745E-1	2.219685289E0
6.392360015E0	2.577229023E0	-6.746296883E-1	-2.579860687E-1	2.676526007E0
6.402369861E0	2.995522738E0	-7.309727669E-1	1.840658188E-1	3.088908850E0
6.412379631E0	3.312309265E0	-7.166728973E-1	5.449409485E-1	3.432487924E0
6.422358785E0	3.412345886E0	-6.478366852E-1	7.764158249E-1	3.559019296E0
6.432368631E0	3.193234444E0	-6.831588745E-1	7.499771118E-1	3.350510100E0
6.442378400E0	2.844459772E0	-7.565884590E-1	5.260014534E-1	2.989992478E0
6.452357554E0	2.377942562E0	-7.912282944E-1	2.424707413E-1	2.517825471E0
6.462367400E0	1.863674402E0	-8.187646866E-1	-1.228523254E-2	2.035634745E0
6.472377169E0	1.579614878E0	-8.571653366E-1	-1.760053635E-1	1.805794414E0
6.482356323E0	1.525383830E0	-8.893370628E-1	-2.591385841E-1	1.784620141E0
6.492366169E0	1.636220455E0	-8.420348167E-1	-4.433274269E-1	1.892823082E0
6.502375939E0	1.883872986E0	-7.283267975E-1	-7.543869019E-1	2.156046602E0
6.512355323E0	2.022721052E0	-5.819206238E-1	-1.074625492E0	2.363229150E0
6.522364939E0	2.154670477E0	-4.227428436E-1	-1.469563484E0	2.642145569E0
6.532374708E0	2.191315651E0	-2.707719803E-1	-1.880367279E0	2.900166004E0
6.542384554E0	2.396505833E0	-1.604876518E-1	-2.291557312E0	3.319673389E0
6.552363708E0	2.491499186E0	-2.659368515E-2	-2.485470295E0	3.519351929E0
6.562373477E0	2.486417294E0	5.357694626E-2	-2.568309307E0	3.575101977E0
6.572383323E0	2.413100243E0	9.187698364E-2	-2.374345779E0	3.386592984E0
6.582362477E0	2.329241514E0	4.696178436E-2	-2.122552872E0	3.151634835E0
6.592372323E0	2.271429062E0	6.711006165E-2	-1.750558853E0	2.868510074E0
6.602382093E0	2.147068024E0	9.218358994E-2	-1.427613258E0	2.580015219E0
6.612361247E0	1.937694788E0	1.312785149E-1	-9.947805405E-1	2.182082369E0
6.622371093E0	1.830578566E0	2.081842422E-1	-5.511503220E-1	1.923051024E0
6.632380862E0	1.839251280E0	2.802724838E-1	-7.019424438E-2	1.861806963E0
6.642360016E0	1.988622427E0	2.953262329E-1	4.796900749E-1	2.066867027E0
6.652369862E0	2.276863575E0	3.626475334E-1	1.022063255E0	2.521950489E0
6.662379631E0	2.485062599E0	4.667987823E-1	1.407910347E0	2.894071314E0
6.672358785E0	2.542481899E0	5.963563919E-1	1.687602043E0	3.109317580E0
6.682368631E0	2.446840763E0	7.086286545E-1	1.729736805E0	3.079151458E0
6.692378401E0	1.766351223E0	7.362852097E-1	1.751238346E0	2.594021646E0
6.702357555E0	1.295524359E0	6.914892197E-1	1.756345272E0	2.289386254E0
6.712367401E0	9.672554731E-1	6.371288300E-1	1.897553921E0	2.223112048E0
6.722377170E0	8.031635284E-1	5.438718796E-1	1.999394417E0	2.222261530E0
6.732356324E0	7.315055132E-1	4.102416039E-1	2.000919342E0	2.169579845E0
6.742366170E0	7.480542064E-1	3.431830406E-1	2.001043320E0	2.163685297E0
6.752375939E0	6.401815414E-1	4.046516418E-1	1.961803436E0	2.102914187E0
6.762355324E0	2.722623944E-1	4.985823631E-1	1.619948387E0	1.716666526E0
6.772364939E0	-1.188228130E-1	7.203631401E-1	1.105141640E0	1.324530090E0
6.782374709E0	-5.381479263E-1	9.922809601E-1	4.083242416E-1	1.200397176E0
6.792384555E0	-7.252496481E-1	1.279786110E0	-1.979289055E-1	1.484255837E0
6.802363709E0	-4.583864212E-1	1.281847000E0	-6.120657921E-1	1.492606571E0
6.812373555E0	2.272454500E-1	9.549431801E-1	-2.948350906E-1	1.024931560E0
6.822383324E0	1.152966022E0	3.815789223E-1	7.108163834E-1	1.407193325E0
6.832362478E0	1.980278015E0	-1.676759720E-1	2.091632366E0	2.885228276E0
6.842372324E0	2.412272215E0	-6.814556122E-1	3.793748856E0	4.547083611E0
6.852382093E0	2.288508892E0	-1.028140545E0	4.882139683E0	5.489046712E0
6.862361247E0	1.765120268E0	-1.217641830E0	5.110733032E0	5.542372535E0
6.872371016E0	8.613439798E-1	-1.139558315E0	4.777386189E0	4.986373973E0
6.882380863E0	-1.278824210E-1	-8.972535133E-1	3.620566845E0	3.732281080E0
6.892360016E0	-4.276509881E-1	-6.750049591E-1	2.310166836E0	2.444460650E0
6.902369863E0	-5.021308064E-1	-4.304594994E-1	1.321998596E0	1.478212101E0
6.912379632E0	-2.324361801E-1	-2.874469757E-1	4.282612801E-1	5.657385135E-1
6.922358786E0	3.859339952E-1	-3.359627724E-1	-4.461765289E-3	5.116990722E-1
6.932368632E0	1.146423697E0	-5.468802452E-1	-1.352944374E-1	1.277368342E0
6.942378401E0	1.775743484E0	-7.274050713E-1	-2.404203415E-1	1.933955791E0
6.952357786E0	2.202980995E0	-7.848410606E-1	-3.102788925E-1	2.359104437E0
6.962367401E0	2.295544147E0	-8.538880348E-1	-3.286309242E-1	2.471162883E0
6.972377171E0	2.176913261E0	-9.660849571E-1	-3.924536705E-1	2.413771194E0
6.982356324E0	1.786137819E0	-1.095539570E0	-3.895020485E-1	2.131245435E0
6.992366171E0	1.050034523E0	-1.191851616E0	-2.533206940E-1	1.608494373E0
7.002375940E0	5.436410308E-1	-1.251804829E0	-1.028146744E-1	1.368624038E0
7.012355094E0	2.843146324E-1	-1.299119473E0	1.128048897E-1	1.334642708E0
7.022364940E0	2.064507902E-1	-1.341686249E0	2.812862396E-1	1.386313770E0
7.032374786E0	3.224401176E-1	-1.399137497E0	3.677697182E-1	1.482163260E0
7.042384555E0	5.120223761E-1	-1.410211086E0	3.170075417E-1	1.533413187E0
7.052363709E0	7.296845913E-1	-1.415475845E0	7.317972183E-2	1.594166473E0
7.062373555E0	8.620833158E-1	-1.370743752E0	-3.482079506E-1	1.656313634E0
7.072383325E0	7.832232714E-1	-1.205408096E0	-9.223952293E-1	1.707998926E0
7.082362478E0	7.063394785E-1	-9.879975319E-1	-1.477859974E0	1.912883866E0
7.092372248E0	6.428312063E-1	-7.737116814E-1	-1.865004063E0	2.118986050E0
7.102382094E0	9.057207704E-1	-6.082010269E-1	-2.231223583E0	2.483666097E0
7.112361248E0	1.061937928E0	-4.050550461E-1	-2.229114532E0	2.502145750E0
7.122371017E0	1.077953577E0	-2.091150284E-1	-1.988129139E0	2.271204632E0
7.132380863E0	1.068606138E0	-1.159849167E-1	-1.637779713E0	1.959003310E0
7.142360017E0	1.043386340E0	-6.490802765E-2	-1.128786564E0	1.538514613E0
7.152369863E0	9.700206518E-1	-1.026344299E-2	-5.813026428E-1	1.130910326E0
7.162379633E0	8.510677814E-1	2.356100082E-2	-6.243085861E-2	8.536797418E-1
7.172358786E0	7.484237552E-1	1.005816460E-1	3.895335197E-1	8.497006225E-1
7.182368633E0	6.292714477E-1	2.095427513E-1	8.038110733E-1	1.042114658E0
7.192378402E0	5.470411777E-1	2.783265114E-1	8.737411499E-1	1.067774927E0
7.202357556E0	4.583319724E-1	3.927259445E-1	7.499675751E-1	9.626802315E-1
7.212367402E0	4.501869380E-1	4.551873207E-1	2.877941132E-1	7.019182486E-1
7.222377171E0	5.676667690E-1	5.097928047E-1	-6.487083435E-2	7.657300370E-1
7.232356325E0	7.671331167E-1	5.319886208E-1	-2.503762245E-1	9.665367894E-1
7.242366171E0	1.091967463E0	6.053047180E-1	-2.795147896E-1	1.279419892E0
7.252375940E0	1.603898048E0	5.388894081E-1	-9.938764572E-2	1.694924378E0
7.262355094E0	2.026122093E0	3.621578217E-1	4.615116119E-2	2.058751795E0
7.272364940E0	2.243801832E0	2.991027832E-1	3.000316620E-1	2.283446548E0
7.282374787E0	2.292821884E0	2.506456375E-1	5.940113068E-1	2.381744080E0
7.292384556E0	2.309132576E0	1.962471008E-1	1.120983601E0	2.574336888E0
7.302363710E0	2.243020535E0	1.669211388E-1	1.646275520E0	2.787333291E0
7.312373479E0	1.954449296E0	8.854198456E-2	1.958622932E0	2.768377779E0
7.322383325E0	1.444317818E0	2.822160721E-2	1.954302788E0	2.430257148E0
7.332362479E0	1.070581794E0	7.984161377E-2	1.438183784E0	1.794684557E0
7.342372248E0	1.113620639E0	1.139588356E-1	7.763977051E-1	1.362325563E0
7.352382095E0	1.481201530E0	8.965730667E-2	2.687053680E-1	1.508044753E0
7.362361248E0	1.988618612E0	8.460474014E-2	1.613464355E-1	1.996946324E0
7.372371095E0	2.486467838E0	-1.026597023E-1	5.956358910E-1	2.558875425E0
7.382380864E0	2.909317732E0	-3.320894241E-1	1.331268311E0	3.216626861E0
7.392360018E0	3.183410406E0	-5.130367279E-1	2.287825584E0	3.953663415E0
7.402369864E0	3.378120899E0	-8.654265404E-1	3.237342834E0	4.758261503E0
7.412379633E0	3.152488947E0	-1.124399185E0	3.931064129E0	5.162918290E0
7.422358787E0	2.432115316E0	-1.208529472E0	4.156527042E0	4.965122904E0
7.432368633E0	1.496041059E0	-1.086772442E0	3.863852978E0	4.283523436E0
7.442378402E0	3.976433873E-1	-8.094525337E-1	3.017815113E0	3.149689147E0
7.452357556E0	-2.729518414E-1	-6.129336357E-1	2.114840508E0	2.218725022E0
7.462367402E0	-4.684455097E-1	-4.905362129E-1	1.238521099E0	1.412091174E0
7.472377172E0	-1.268444657E-1	-4.550533295E-1	3.606233597E-1	5.943166317E-1
7.482356326E0	6.557596326E-1	-5.094752312E-1	-5.156955719E-1	9.775109359E-1
7.492366172E0	1.420518517E0	-5.788435936E-1	-1.090400696E0	1.881995335E0
7.502375941E0	2.109006166E0	-6.260895729E-1	-1.520366669E0	2.674212028E0
7.512355326E0	2.622560978E0	-6.461353302E-1	-1.698418617E0	3.190602255E0
7.522364941E0	3.086197615E0	-7.238683701E-1	-1.646566868E0	3.572083927E0
7.532374710E0	3.160130739E0	-7.497134209E-1	-1.364962101E0	3.523012637E0
7.542384557E0	2.873771429E0	-8.469052315E-1	-9.026618004E-1	3.128994890E0
7.552363710E0	2.218805790E0	-9.217615128E-1	-3.731250763E-1	2.431453422E0
7.562373480E0	1.522349954E0	-9.029731750E-1	-3.793621063E-2	1.770409301E0
7.572383326E0	9.037190676E-1	-8.535284996E-1	1.552858353E-1	1.252730116E0
7.582362480E0	5.140337944E-1	-7.691173553E-1	2.464327812E-1	9.573407772E-1
7.592372326E0	3.893001378E-1	-7.436842918E-1	3.090729713E-1	8.945093766E-1
7.602382095E0	5.978823304E-1	-7.256588936E-1	3.047485352E-1	9.883905000E-1
7.612361249E0	8.752691746E-1	-7.068881989E-1	1.595568657E-1	1.136329814E0
7.622371095E0	1.114202857E0	-6.820344925E-1	-1.421055794E-1	1.314082589E0
7.632380864E0	1.161689758E0	-6.762790680E-1	-7.954382896E-1	1.561921427E0
7.642360018E0	1.037482977E0	-5.977673531E-1	-1.489413261E0	1.911033385E0
7.652369864E0	8.186184168E-1	-5.054559708E-1	-2.096632004E0	2.306834977E0
7.662379634E0	6.304583549E-1	-4.152011871E-1	-2.657222748E0	2.762372621E0
7.672358788E0	5.220976472E-1	-2.895312309E-1	-3.015478134E0	3.074007590E0
7.682368634E0	4.327178299E-1	-1.381158829E-1	-3.179680824E0	3.211960595E0
7.692378403E0	3.260389566E-1	6.755828857E-2	-3.115715981E0	3.133456812E0
7.702357557E0	2.301990390E-1	2.385201454E-1	-2.743877888E0	2.763828743E0
7.712367403E0	3.803665936E-1	3.630175591E-1	-2.114817142E0	2.179199862E0
7.722377172E0	7.806937695E-1	4.092378616E-1	-1.235399723E0	1.517620132E0
7.732356326E0	1.229084015E0	4.563837051E-1	-3.553462029E-1	1.358383056E0
7.742366172E0	1.760863781E0	5.359101295E-1	4.762434959E-1	1.901222972E0
7.752375942E0	2.072909355E0	6.700119972E-1	9.036049843E-1	2.358467986E0
7.762355326E0	2.212496758E0	7.863287926E-1	1.273912430E0	2.671386859E0
7.772364942E0	2.229758263E0	8.346343040E-1	1.374667168E0	2.749208278E0
7.782374711E0	2.112421513E0	8.468537331E-1	1.272060871E0	2.607225489E0
7.792384557E0	1.477830887E0	8.092556000E-1	1.207317352E0	2.072798578E0
7.802363711E0	9.068058729E-1	8.019461632E-1	1.227292538E0	1.723850780E0
7.812373557E0	5.858396292E-1	8.090257645E-1	1.304137707E0	1.642712975E0
7.822383326E0	2.936059833E-1	8.305211067E-1	1.506481171E0	1.745123291E0
7.832362480E0	1.852592379E-1	8.711295128E-1	1.762201786E0	1.974472777E0
7.842372326E0	1.194432527E-1	9.193925858E-1	2.080032825E0	2.277297954E0
7.852382096E0	8.288476616E-2	8.966565132E-1	2.377737045E0	2.542537363E0
7.862361250E0	1.038680971E-2	9.047427177E-1	2.303561211E0	2.474886163E0
7.872371019E0	-2.148578465E-1	1.032697678E0	1.853531837E0	2.132652963E0
7.882380865E0	-4.757053554E-1	1.225813866E0	1.242314339E0	1.808938953E0
7.892360019E0	-5.654282570E-1	1.417065620E0	4.465384483E-1	1.589710877E0
7.902369865E0	-4.085043073E-1	1.523214340E0	-5.284585953E-1	1.663227640E0
7.912379634E0	1.317883432E-1	1.499114037E0	-1.329954624E0	2.008355139E0
7.922358788E0	5.480642319E-1	1.447519302E0	-1.553378105E0	2.192868001E0
7.932368634E0	1.043519378E0	1.049730301E0	-5.469932556E-1	1.577994936E0
7.942378404E0	1.661290050E0	3.309211731E-1	8.235354424E-1	1.883508449E0
7.952357788E0	2.101684570E0	-3.973083496E-1	2.498413563E0	3.288921144E0
7.962367404E0	2.083525181E0	-9.482932091E-1	4.047595978E0	4.650093589E0
7.972377173E0	1.668728232E0	-1.383852482E0	4.984175682E0	5.435228499E0
7.982356327E0	8.790808916E-1	-1.489059925E0	4.852461815E0	5.151355971E0
7.992366173E0	-1.605906785E-1	-1.267191887E0	4.066608429E0	4.262495602E0
8.002375942E0	-1.301625490E0	-8.658757210E-1	2.941360474E0	3.331001519E0
8.012355096E0	-1.878258228E0	-6.674151421E-1	2.145247459E0	2.928375592E0
8.022364942E0	-1.910508633E0	-6.921997070E-1	1.620439529E0	2.599039811E0
8.032374788E0	-1.474064946E0	-8.265953064E-1	1.255878448E0	2.105554070E0
8.042384558E0	-7.535513639E-1	-9.886026382E-1	7.930669785E-1	1.474493156E0
8.052363712E0	-1.642329842E-1	-1.050931931E0	4.819760323E-1	1.167789061E0
8.062373558E0	4.022654891E-1	-1.128692150E0	2.484264374E-1	1.223715322E0
8.072383327E0	8.328497410E-1	-1.231010914E0	3.342437744E-2	1.486655222E0
8.082362481E0	9.827343822E-1	-1.240782738E0	-3.095912933E-2	1.583119432E0
8.092372250E0	8.769342303E-1	-1.210813999E0	9.754180908E-2	1.498198448E0
8.102382096E0	6.195130944E-1	-1.179197311E0	3.491683006E-1	1.377033506E0
8.112361250E0	4.231676459E-1	-1.195763588E0	7.085175514E-1	1.452900043E0
8.122371019E0	1.903601289E-1	-1.261613369E0	9.841804504E-1	1.611370979E0
8.132380866E0	-1.217503250E-1	-1.349492550E0	1.029804230E0	1.701896012E0
8.142360019E0	-4.255314469E-1	-1.347681522E0	8.643994331E-1	1.656655932E0
8.152369866E0	-7.150707841E-1	-1.289015293E0	5.011425018E-1	1.556929818E0
8.162379635E0	-7.697843313E-1	-1.209802628E0	1.054849625E-1	1.437816884E0
8.172358789E0	-6.730165482E-1	-1.170718670E0	-2.597069740E-1	1.375129518E0
8.182368635E0	-4.529453218E-1	-1.088198662E0	-6.294145584E-1	1.336225459E0
8.192378404E0	-8.259113133E-2	-1.009171009E0	-1.037697315E0	1.449849350E0
8.202357789E0	2.411568314E-1	-9.210863113E-1	-1.347741127E0	1.650140223E0
8.212367404E0	5.273129940E-1	-8.527393341E-1	-1.592317104E0	1.881674022E0
8.222377174E0	7.206956744E-1	-7.981433868E-1	-1.762184620E0	2.064395736E0
8.232356327E0	7.771317959E-1	-7.768797874E-1	-1.866083622E0	2.165581704E0
8.242366174E0	6.546292305E-1	-7.324266434E-1	-1.857375145E0	2.101149839E0
8.252375943E0	4.146677256E-1	-6.764063835E-1	-1.714931965E0	1.889567824E0
8.262355097E0	1.161029264E-1	-6.130247116E-1	-1.314845085E0	1.455368264E0
8.272364943E0	-8.128386736E-2	-5.717186928E-1	-8.912706375E-1	1.061994670E0
8.282374789E0	-2.047131509E-1	-4.869441986E-1	-4.909186363E-1	7.211263649E-1
8.292384558E0	-2.843296528E-1	-3.596253395E-1	-1.786537170E-1	4.920273233E-1
8.302363712E0	-3.202271163E-1	-2.546229362E-1	1.170010567E-1	4.255202615E-1
8.312373481E0	-3.105319142E-1	-1.953201294E-1	2.035684586E-1	4.195475420E-1
8.322383328E0	-2.630230784E-1	-1.642632484E-1	2.237510681E-1	3.823978230E-1
8.332362481E0	-2.033796608E-1	-1.640439034E-1	1.012206078E-1	2.802129549E-1
8.342372251E0	-4.512999952E-2	-1.981868744E-1	-1.266098022E-1	2.394677349E-1
8.352382097E0	1.245759726E-1	-2.652654648E-1	-2.811880112E-1	4.061423856E-1
8.362361251E0	3.886550367E-1	-3.449440002E-1	-3.725991249E-1	6.394288144E-1
8.372371097E0	6.504124403E-1	-3.933711052E-1	-3.221116066E-1	8.255501535E-1
8.382380866E0	9.164942503E-1	-4.503607750E-1	-9.911632538E-2	1.025968121E0
8.392360020E0	1.116877913E0	-4.736208916E-1	1.583895683E-1	1.223446067E0
8.402369866E0	1.292369843E0	-4.165005684E-1	5.186581612E-1	1.453512580E0
8.412379636E0	1.390937567E0	-3.981614113E-1	8.828992844E-1	1.694919163E0
8.422358789E0	1.328984380E0	-4.020619392E-1	1.323034763E0	1.917882757E0
8.432368636E0	1.025532842E0	-3.793807030E-1	1.653485298E0	1.982337246E0
8.442378405E0	6.426070333E-1	-2.950582504E-1	1.891332150E0	2.019193024E0
8.452357559E0	2.718663812E-1	-2.713928223E-1	1.897675514E0	1.936165734E0
8.462367405E0	-9.037110209E-2	-1.606707573E-1	1.589094639E0	1.599751168E0
8.472377174E0	-3.865170181E-1	7.549428940E-2	1.214233398E0	1.276502072E0
8.482356328E0	-4.881267548E-1	3.957848549E-1	7.975802422E-1	1.015405152E0
8.492366174E0	-3.580781221E-1	7.354974747E-1	2.173137665E-1	8.464051925E-1
8.502375943E0	8.536949754E-4	1.002939701E0	-2.165837288E-1	1.026059104E0
8.512355328E0	7.839583158E-1	1.048578739E0	-4.447784424E-1	1.382727694E0
8.522364943E0	1.760368586E0	8.801865578E-1	-2.852392197E-2	1.968359608E0
8.532374713E0	3.052971363E0	5.660128593E-1	1.085201740E0	3.289174291E0
8.542384559E0	4.349001884E0	1.425776482E-1	2.530616283E0	5.033702867E0
8.552363713E0	5.042644024E0	-3.432478905E-1	4.373849392E0	6.684058376E0
8.562373482E0	5.041994572E0	-8.074250221E-1	6.019751072E0	7.893734692E0
8.572383328E0	4.537657738E0	-1.263854980E0	6.684801102E0	8.177666716E0
8.582362482E0	3.489182472E0	-1.384090424E0	6.258107662E0	7.297534662E0
8.592372328E0	2.004352331E0	-1.188576698E0	5.285314560E0	5.776217866E0
8.602382097E0	5.272485614E-1	-9.815502167E-1	3.940373898E0	4.094872199E0
8.612361251E0	-2.521005273E-1	-8.287501335E-1	2.654871464E0	2.792619550E0
8.622371098E0	-3.930073678E-1	-8.286786079E-1	1.932376385E0	2.138981421E0
8.632380867E0	1.298448145E-1	-9.906182289E-1	1.463123322E0	1.771698057E0
8.642360021E0	1.192654371E0	-1.200803757E0	1.116116524E0	2.027330808E0
8.652369867E0	2.109144688E0	-1.364639282E0	8.497333527E-1	2.651938622E0
8.662379636E0	2.752859592E0	-1.406880856E0	5.994892120E-1	3.149116859E0
8.672358790E0	3.174400330E0	-1.431427956E0	1.759257317E-1	3.486653597E0
8.682368636E0	3.437174797E0	-1.562646866E0	-5.087757111E-1	3.809841012E0
8.692378405E0	3.309348583E0	-1.684847832E0	-1.047580242E0	3.858487349E0
8.702357559E0	2.847422123E0	-1.768635750E0	-1.260453701E0	3.581149075E0
8.712367405E0	2.196789980E0	-1.827014446E0	-1.109051704E0	3.064941057E0
8.722377175E0	1.642804146E0	-1.922572613E0	-7.853579521E-1	2.647995096E0
8.732356329E0	1.246938229E0	-1.928884506E0	-4.526543617E-1	2.341013959E0
8.742366175E0	8.844202757E-1	-1.801242828E0	-9.106302261E-2	2.008722834E0
8.752375944E0	6.484141946E-1	-1.605479240E0	1.823716164E-1	1.741052545E0
8.762355329E0	7.855736017E-1	-1.525529861E0	4.589843750E-1	1.776241509E0
8.772364944E0	8.947180510E-1	-1.427696228E0	6.591281891E-1	1.809222728E0
8.782374713E0	1.010308862E0	-1.345347404E0	6.428279877E-1	1.801086188E0
8.792384559E0	1.042759657E0	-1.210705280E0	6.242823601E-1	1.715483443E0
8.802363713E0	1.107613564E0	-1.094431400E0	6.428360939E-1	1.684584857E0
8.812373560E0	1.156616449E0	-1.011178493E0	5.000739098E-1	1.615647694E0
8.822383329E0	1.179043055E0	-9.555530548E-1	4.541854858E-1	1.584142866E0
8.832362483E0	1.123744845E0	-8.381729126E-1	2.535929680E-1	1.424656345E0
8.842372329E0	1.011782527E0	-7.628197670E-1	1.245465279E-1	1.273228069E0
8.852382098E0	9.761293530E-1	-7.093334198E-1	4.492282867E-2	1.207476904E0
8.862361252E0	9.717440009E-1	-6.621336937E-1	1.629114151E-2	1.175998653E0
8.872371021E0	1.050567031E0	-6.345510483E-1	-7.709217072E-2	1.229751732E0
8.882380867E0	1.140320182E0	-6.345944405E-1	-2.034583092E-1	1.320770799E0
8.892360021E0	1.155121922E0	-5.791707039E-1	-3.017868996E-1	1.326959190E0
8.902369867E0	1.226327658E0	-5.526199341E-1	-3.786039352E-1	1.397357955E0
8.912379637E0	9.552733898E-1	-4.370589256E-1	-4.396867752E-1	1.138811755E0
8.922358791E0	6.187187433E-1	-3.772511482E-1	-4.981045723E-1	8.793403648E-1
8.932368637E0	4.835731983E-1	-3.040146828E-1	-6.993541718E-1	9.029752062E-1
8.942378406E0	1.855430305E-1	-1.954240799E-1	-8.137984276E-1	8.572541443E-1
8.952357791E0	-4.626753926E-2	-1.322169304E-1	-8.948631287E-1	9.057604655E-1
8.962367406E0	-1.307595819E-1	-1.131229401E-1	-1.022789478E0	1.037300913E0
8.972377175E0	-1.634589136E-1	-7.103347778E-2	-1.056293964E0	1.071224305E0
8.982356329E0	-2.215899229E-1	3.505706787E-2	-8.892827034E-1	9.171449278E-1
8.992366175E0	-1.873547584E-1	1.156630516E-1	-5.771121979E-1	6.176878143E-1
9.002375945E0	-2.763909101E-1	1.686358452E-1	6.286144257E-3	3.238356051E-1
9.012355098E0	-3.313269019E-1	1.887264252E-1	6.505131721E-1	7.540308791E-1
9.022364945E0	-3.143722415E-1	2.600197792E-1	1.369196415E0	1.428684365E0
9.032374791E0	-2.025315762E-1	3.248600960E-1	1.996327400E0	2.032701702E0
9.042384560E0	2.005962282E-2	3.917522430E-1	2.304346085E0	2.337495045E0
9.052363714E0	2.680611610E-1	4.527792931E-1	2.319706440E0	2.378634869E0
9.062373560E0	1.338277459E-1	5.497183800E-1	1.885070324E0	1.968143869E0
9.072383329E0	-4.210016131E-1	7.435579300E-1	1.233910561E0	1.500885081E0
9.082362483E0	-1.200457692E0	9.352049828E-1	5.066289902E-1	1.603864073E0
9.092372253E0	-1.742154121E0	1.161093235E0	-4.951701164E-1	2.151379076E0
9.102382099E0	-1.821462035E0	1.388765812E0	-1.364408016E0	2.666083956E0
9.112361253E0	-1.448509574E0	1.461130142E0	-2.026574135E0	2.887920359E0
9.122371022E0	-8.106319308E-1	1.237727165E0	-2.081328869E0	2.553629285E0
9.132380868E0	9.821720421E-3	6.463704109E-1	-1.228011608E0	1.387769319E0
9.142360022E0	5.701894164E-1	4.726505280E-2	1.402745247E-1	5.890898896E-1
9.152369868E0	1.040091515E0	-4.942426682E-1	1.536586285E0	1.920198840E0
9.162379637E0	1.214884877E0	-7.253599167E-1	3.104583263E0	3.411822022E0
9.172358791E0	1.320284724E0	-9.190859795E-1	4.428853989E0	4.711965454E0
9.182368637E0	1.330653191E0	-1.085882187E0	4.812695980E0	5.109972665E0
9.192378407E0	1.034500122E0	-1.096337795E0	4.557995796E0	4.800778348E0
9.202357791E0	2.687941492E-1	-9.908676147E-1	3.672557354E0	3.813364190E0
9.212367407E0	-8.093532920E-1	-9.387269020E-1	2.493604660E0	2.784658893E0
9.222377176E0	-1.474852800E0	-1.049190521E0	1.373625755E0	2.272188207E0
9.232356330E0	-1.821785450E0	-1.169883251E0	3.770375252E-1	2.197654737E0
9.242366176E0	-1.863130331E0	-1.195556164E0	-5.378584862E-1	2.278135405E0
9.252375945E0	-1.700320721E0	-1.155612469E0	-1.065196514E0	2.315420986E0
9.262355099E0	-1.409472585E0	-1.174420357E0	-1.218295097E0	2.202298591E0
9.272364945E0	-1.032817721E0	-1.225616932E0	-9.046287537E-1	1.840435408E0
9.282374791E0	-7.001035213E-1	-1.263144970E0	-2.049603462E-1	1.458659967E0
9.292384561E0	-5.036611557E-1	-1.265172482E0	6.122236252E-1	1.493035075E0
9.302363715E0	-3.934299946E-1	-1.247307777E0	1.481875420E0	1.976491490E0
9.312373484E0	-2.951920331E-1	-1.173738956E0	1.984997272E0	2.324868952E0
9.322383330E0	-2.431181520E-1	-1.037642002E0	2.142309189E0	2.392759081E0
9.332362484E0	-2.739499211E-1	-9.091701508E-1	1.886505127E0	2.111999175E0
9.342372253E0	-2.832058370E-1	-7.887639999E-1	1.305775166E0	1.551580799E0
9.352382099E0	-2.517179251E-1	-6.797075272E-1	5.929317474E-1	9.364466314E-1
9.362361253E0	-2.904024720E-1	-5.709228516E-1	-1.340589523E-1	6.544144718E-1
9.372371099E0	-2.876268625E-1	-5.416097641E-1	-6.477570534E-1	8.919975049E-1
9.382380869E0	-1.227741390E-1	-5.829820633E-1	-1.099890232E0	1.250879730E0
9.392360022E0	-2.111759782E-2	-5.700087547E-1	-1.531286240E0	1.634072667E0
9.402369869E0	6.687748432E-2	-4.384217262E-1	-1.835866451E0	1.888674624E0
9.412379638E0	2.438850105E-1	-2.772784233E-1	-1.905649185E0	1.941098153E0
9.422358792E0	4.479673505E-1	-1.672458649E-1	-1.674260616E0	1.741204910E0
9.432368638E0	7.341884971E-1	-1.960940361E-1	-1.200064182E0	1.420436434E0
9.442378407E0	8.615791798E-1	-1.955809593E-1	-7.544794083E-1	1.161813140E0
9.452357561E0	7.764949799E-1	-1.663866043E-1	-3.226509094E-1	8.571654246E-1
9.462367407E0	6.137132049E-1	-1.543455124E-1	1.482253075E-1	6.499516727E-1
9.472377176E0	3.815659881E-1	-1.902303696E-1	5.187849998E-1	6.715043357E-1
9.482356330E0	2.305386066E-1	-1.741003990E-1	8.780837059E-1	9.243862789E-1
9.492366177E0	8.152604103E-3	-7.930564880E-2	1.211465836E0	1.214086208E0
9.502375946E0	3.556168079E-2	-8.420038223E-2	1.266218662E0	1.269513308E0
9.512355330E0	2.765130401E-1	-8.492803574E-2	1.144108772E0	1.180108942E0
9.522364946E0	4.354761243E-1	-7.807922363E-2	1.054657459E0	1.143694966E0
9.532374715E0	5.052520037E-1	-9.524250031E-2	1.055801392E0	1.174336962E0
9.542384561E0	5.866563320E-1	-1.635150909E-1	1.131432533E0	1.284928953E0
9.552363715E0	5.553269982E-1	-2.204933167E-1	1.202336311E0	1.342616097E0
9.562373484E0	5.131763220E-1	-2.330570221E-1	1.177963257E0	1.305857170E0
9.572383331E0	4.165226817E-1	-2.386054993E-1	1.210556507E0	1.302256037E0
9.582362484E0	3.667956591E-1	-2.208752632E-1	1.181048870E0	1.256264849E0
9.592372331E0	3.566305637E-1	-2.499341965E-1	1.114294052E0	1.196371053E0
9.602382100E0	3.813034892E-1	-2.710227966E-1	9.917516708E-1	1.096547803E0
9.612361254E0	4.982344508E-1	-2.819781303E-1	8.259701729E-1	1.004975602E0
9.622371100E0	6.977990270E-1	-2.908487320E-1	7.140522003E-1	1.039897597E0
9.632380869E0	9.341768026E-1	-3.662052155E-1	6.103577614E-1	1.174448447E0
9.642360023E0	1.098227501E0	-4.587602615E-1	6.112561226E-1	1.337983060E0
9.652369869E0	1.287358522E0	-5.496921539E-1	6.950869560E-1	1.562881731E0
9.662379638E0	1.418960094E0	-6.926088333E-1	7.425360680E-1	1.744853735E0
9.672358792E0	1.412108898E0	-7.481989861E-1	8.005051613E-1	1.787361680E0
9.682368639E0	1.089903355E0	-7.141160965E-1	7.176880836E-1	1.487591109E0
9.692378408E0	5.678045750E-1	-5.930852890E-1	4.221143723E-1	9.232186841E-1
9.702357562E0	2.976267934E-1	-4.466590881E-1	-7.008647919E-2	5.412930479E-1
9.712367408E0	2.897889614E-1	-2.788820267E-1	-5.335140228E-1	6.681242695E-1
9.722377177E0	5.702102184E-1	-1.582322121E-1	-8.120679855E-1	1.004804229E0
9.732356331E0	1.087839603E0	-9.690666199E-2	-7.948217392E-1	1.350750718E0
9.742366177E0	1.326737642E0	-9.890460968E-2	-2.504601479E-1	1.353789193E0
9.752375946E0	1.540676117E0	-2.473239899E-1	8.870997429E-1	1.794936770E0
9.762355331E0	2.057759285E0	-4.780178070E-1	2.276819229E0	3.105926609E0
9.772364946E0	2.458170414E0	-7.963199615E-1	3.779228210E0	4.578132057E0
9.782374716E0	2.537750244E0	-1.098930836E0	5.016526699E0	5.728295157E0
9.792384562E0	2.315753698E0	-1.385476112E0	5.735842228E0	6.338938816E0
9.802363716E0	1.728672743E0	-1.503684521E0	5.821090698E0	6.255755231E0
9.812373562E0	7.530375719E-1	-1.347795010E0	4.993337154E0	5.226569899E0
9.822383331E0	-7.052719593E-3	-1.128047943E0	3.794057846E0	3.958208792E0
9.832362485E0	-4.213857949E-1	-9.702863693E-1	2.365387917E0	2.591154496E0
9.842372331E0	-5.770986080E-1	-8.979387283E-1	1.063395500E0	1.506700618E0
9.852382100E0	-2.522190213E-1	-9.595327377E-1	-3.995051384E-1	1.069542830E0
9.862361254E0	2.494200468E-1	-1.032818794E0	-1.550786495E0	1.879857382E0
9.872371024E0	6.477299929E-1	-1.096464634E0	-2.517002106E0	2.820831161E0
9.882380870E0	9.677671194E-1	-1.157441616E0	-3.370825052E0	3.693061850E0
9.892360024E0	1.106183290E0	-1.290747643E0	-3.801478624E0	4.164241909E0
9.902369870E0	1.091762543E0	-1.432466030E0	-3.738012552E0	4.149294183E0
9.912379639E0	9.902845621E-1	-1.590890884E0	-3.175871134E0	3.687513360E0
9.922358793E0	7.637393475E-1	-1.760079861E0	-2.111995697E0	2.853367262E0
9.932368639E0	5.353061557E-1	-1.790045261E0	-1.093921661E0	2.165058733E0
9.942378408E0	3.514631987E-1	-1.793233871E0	-1.911010742E-1	1.837316989E0
9.952357562E0	1.969498396E-1	-1.797201633E0	5.026631355E-1	1.876537550E0
9.962367408E0	-9.513425827E-2	-1.842072010E0	1.331881046E0	2.275123500E0
9.972377178E0	-2.167098820E-1	-1.869846344E0	1.764391422E0	2.579993336E0
9.982356332E0	-1.747584641E-1	-1.850744247E0	1.937639236E0	2.685189118E0
9.992366178E0	-8.100286126E-2	-1.763991833E0	1.837666988E0	2.548577762E0
1.000237595E1	5.263894796E-2	-1.568234921E0	1.453206539E0	2.138677365E0
1.001235510E1	2.177250385E-1	-1.346433163E0	7.781295776E-1	1.570277712E0
1.002236495E1	4.519512951E-1	-1.170319557E0	-7.836198807E-2	1.256999777E0
1.003237479E1	5.903890729E-1	-9.652595520E-1	-1.029279232E0	1.529608119E0
1.004238456E1	4.640301466E-1	-8.256134987E-1	-1.766638279E0	2.004488073E0
1.005236372E1	1.631866693E-1	-6.679739952E-1	-2.272740364E0	2.374482662E0
1.006237356E1	-2.490751445E-1	-4.982733727E-1	-2.412043571E0	2.475534078E0
1.007238333E1	-6.560484171E-1	-2.773046494E-1	-2.173421383E0	2.287150608E0
1.008236249E1	-7.455921769E-1	-1.183938980E-1	-1.591199398E0	1.761204228E0
1.009237226E1	-4.866160750E-1	-1.932430267E-2	-8.377695084E-1	9.690337364E-1
1.010238210E1	-1.244081855E-1	1.098856926E-1	4.474496841E-2	1.719138571E-1
1.011236126E1	2.348264158E-1	2.837595940E-1	9.672651291E-1	1.035019219E0
1.012237102E1	4.974257946E-1	3.795857430E-1	1.527631760E0	1.650810877E0
1.013238087E1	6.510487795E-1	4.523873329E-1	1.859239101E0	2.021209749E0
1.014236002E1	6.070730686E-1	4.890441895E-1	1.957812786E0	2.107304638E0
1.015236987E1	3.797831535E-1	5.660748482E-1	1.729990005E0	1.859446530E0
1.016237964E1	1.003359556E-1	5.941295624E-1	1.375070095E0	1.501291113E0
1.017235879E1	-1.516693980E-1	6.811928749E-1	1.036810398E0	1.249801240E0
1.018236864E1	-3.239779770E-1	7.307868004E-1	7.883105278E-1	1.122695224E0
1.019237841E1	-3.601002693E-1	7.825427055E-1	8.203911781E-1	1.189574283E0
1.020235779E1	-3.327997327E-1	7.686347961E-1	1.060178757E0	1.351123276E0
1.021236741E1	-2.489579618E-1	6.647367477E-1	1.491556168E0	1.651845880E0
1.022237718E1	-1.070597172E-1	6.053280830E-1	2.288847923E0	2.369959638E0
1.023235633E1	6.674888730E-2	5.942726135E-1	2.933501720E0	2.993834948E0
1.024236618E1	2.426657081E-1	5.946364403E-1	3.145747662E0	3.210639733E0
1.025237595E1	1.557358205E-1	6.356163025E-1	3.187623978E0	3.254106383E0
1.026235510E1	-3.518852592E-2	6.780033112E-1	2.266523361E0	2.366020894E0
1.027236495E1	-1.792460978E-1	8.127613068E-1	1.117469788E0	1.393358831E0
1.028237479E1	-1.428184509E-1	9.218316078E-1	5.513191223E-3	9.328456562E-1
1.029238456E1	-1.120285690E-1	9.393563271E-1	-8.685212135E-1	1.284238999E0
1.030236372E1	-1.943837702E-1	9.425878525E-1	-1.054579258E0	1.427723475E0
1.031237349E1	-1.634280682E-1	7.283134460E-1	-5.544619560E-1	9.298264730E-1
1.032238333E1	-5.782097578E-3	2.206597328E-1	6.324057579E-1	6.698217621E-1
1.033236249E1	5.658626556E-1	-5.857977867E-1	2.012203217E0	2.170788192E0
1.034237226E1	6.414584517E-1	-1.283368587E0	3.354557991E0	3.648501499E0
1.035238210E1	4.445115924E-1	-1.682475567E0	4.617874622E0	4.934884053E0
1.036236126E1	6.830978394E-2	-1.879153728E0	5.307281494E0	5.630552532E0
1.037237110E1	-5.394332409E-1	-1.788456440E0	5.406778336E0	5.720386056E0
1.038238087E1	-9.429111481E-1	-1.528613567E0	4.821761131E0	5.145398068E0
1.039236002E1	-1.420727611E0	-1.204936981E0	3.894072056E0	4.316727609E0
1.040236987E1	-1.820601821E0	-9.276814461E-1	2.925683022E0	3.568585854E0
1.041237972E1	-2.049476862E0	-7.394399643E-1	1.737137318E0	2.786534215E0
1.042235879E1	-1.883574605E0	-7.080388069E-1	6.389789581E-1	2.111271265E0
1.043236864E1	-1.561307311E0	-7.202129364E-1	-5.092000961E-1	1.793229470E0
1.044237841E1	-1.372563362E0	-6.958136559E-1	-1.540935516E0	2.177744037E0
1.045235756E1	-1.120106459E0	-6.624155045E-1	-2.510400772E0	2.827639442E0
1.046236741E1	-7.905621529E-1	-6.821584702E-1	-3.023624420E0	3.198848751E0
1.047237718E1	-4.505945742E-1	-7.457714081E-1	-3.139871597E0	3.258527905E0
1.048235633E1	-1.116470397E-1	-8.277158737E-1	-2.722270489E0	2.847513871E0
1.049236618E1	6.173408031E-2	-9.161739349E-1	-1.946246147E0	2.151989740E0
1.050237595E1	5.389434099E-2	-1.040585995E0	-8.429346085E-1	1.340247204E0
1.051235533E1	-8.466422558E-3	-1.188304901E0	1.841492653E-1	1.202518678E0
1.052236495E1	-2.349934578E-1	-1.299535751E0	1.115307331E0	1.728561696E0
1.053237472E1	-4.821809530E-1	-1.349509239E0	1.783568859E0	2.287966681E0
1.054238456E1	-7.125094533E-1	-1.399309635E0	2.196974277E0	2.700450546E0
1.055236372E1	-8.100936413E-1	-1.489576340E0	2.319169998E0	2.872914698E0
1.056237349E1	-7.545536160E-1	-1.533860683E0	2.055005074E0	2.673036776E0
1.057238333E1	-6.170264482E-1	-1.557104111E0	1.516830921E0	2.259661677E0
1.058236249E1	-4.592460096E-1	-1.520727634E0	8.528771400E-1	1.803030463E0
1.059237233E1	-3.042491674E-1	-1.492255211E0	8.914995193E-2	1.525562481E0
1.060238210E1	-1.747936904E-1	-1.448350906E0	-8.027005196E-1	1.665113001E0
1.061236126E1	-7.222151756E-2	-1.351689339E0	-1.416550636E0	1.959310011E0
1.062237110E1	-2.569943666E-2	-1.318854809E0	-1.970449924E0	2.371225711E0
1.063238087E1	-1.678258181E-2	-1.245687962E0	-2.276175976E0	2.594801963E0
1.064236002E1	-6.519728899E-2	-1.107053280E0	-2.234477043E0	2.494535088E0
1.065236987E1	-6.197094917E-3	-1.102930069E0	-2.229971886E0	2.487823899E0
1.066237964E1	9.377598763E-4	-1.022575378E0	-2.119453430E0	2.353241196E0
1.067235880E1	-5.682349205E-3	-8.859100342E-1	-1.986191750E0	2.174816439E0
1.068236864E1	-7.417237759E-2	-7.497539520E-1	-1.775977135E0	1.929177885E0
1.069237841E1	-8.610314131E-2	-6.215925217E-1	-1.486037254E0	1.613101899E0
1.070235756E1	-2.024822533E-1	-4.399476051E-1	-1.191977024E0	1.286608792E0
1.071236741E1	-4.478079379E-1	-2.435383797E-1	-6.776480675E-1	8.479680389E-1
1.072237718E1	-6.410557628E-1	-1.464667320E-1	-2.215547562E-1	6.938958888E-1
1.073235633E1	-7.318240404E-1	-7.813119888E-2	2.734532356E-1	7.851417595E-1
1.074236618E1	-7.131715417E-1	-3.266477585E-2	7.392392159E-1	1.027694144E0
1.075237595E1	-5.945577621E-1	6.842613220E-2	1.221787930E0	1.360495062E0
1.076235533E1	-4.279995561E-1	1.478190422E-1	1.470345974E0	1.538489965E0
1.077236495E1	-2.808516026E-1	2.268371582E-1	1.647770405E0	1.686855070E0
1.078237472E1	-1.264849901E-1	3.299527168E-1	1.695924759E0	1.732347551E0
1.079238456E1	4.143524170E-2	4.216089249E-1	1.889660835E0	1.936566301E0
1.080236372E1	2.484577894E-1	4.502077103E-1	2.014731407E0	2.079317412E0
1.081237356E1	2.224759459E-1	4.768009186E-1	2.132514954E0	2.196464134E0
1.082238333E1	-4.976075888E-2	4.621186256E-1	2.077471256E0	2.128829861E0
1.083236249E1	-3.410923481E-1	5.377593040E-1	1.745859623E0	1.858374258E0
1.084237233E1	-5.072941184E-1	6.276831627E-1	1.289104939E0	1.520896123E0
1.085238210E1	-5.027622581E-1	7.328243256E-1	8.918437958E-1	1.259041991E0
1.086236126E1	-1.984186172E-1	7.167730331E-1	8.376927376E-1	1.120206522E0
1.087237103E1	3.158251047E-1	5.530247688E-1	1.093963146E0	1.265834609E0
1.088238087E1	7.604932189E-1	3.877530098E-1	1.648533344E0	1.856438666E0
1.089236003E1	9.146412611E-1	2.690806389E-1	2.397455215E0	2.580070646E0
1.090236987E1	9.202940464E-1	1.194286346E-1	3.268755436E0	3.397935613E0
1.091237964E1	7.630065680E-1	-9.365081787E-4	3.813549995E0	3.889131454E0
1.092235880E1	4.187935591E-1	5.839252472E-2	4.186993122E0	4.208290524E0
1.093236864E1	3.980302811E-2	4.176092148E-2	4.134062290E0	4.134464811E0
1.094237841E1	-3.068637848E-1	-8.539628983E-2	3.751027107E0	3.764526832E0
1.095235780E1	-5.668521523E-1	-2.440047264E-1	3.190974236E0	3.250104035E0
1.096236741E1	-6.661994457E-1	-4.202270508E-1	2.615149021E0	2.731193307E0
1.097237718E1	-5.862188339E-1	-6.474118233E-1	1.863554001E0	2.058064164E0
1.098235633E1	-3.242528439E-1	-8.060927391E-1	1.159258366E0	1.448725429E0
1.099236618E1	-1.064391136E-1	-8.986968994E-1	5.488839149E-1	1.058422862E0
1.100237595E1	2.988165617E-2	-9.571485519E-1	-2.593946457E-2	9.579661370E-1
1.101235510E1	2.350193262E-1	-1.028281689E0	-5.465068817E-1	1.187967629E0
1.102236495E1	4.026876688E-1	-1.124909878E0	-8.128523827E-1	1.445098124E0
1.103237480E1	6.226227880E-1	-1.245198250E0	-1.010038853E0	1.719987297E0
1.104238456E1	7.998567224E-1	-1.379297256E0	-1.048437595E0	1.908259178E0
1.105236372E1	9.654641151E-1	-1.492460728E0	-9.443240166E-1	2.012786086E0
1.106237357E1	1.020320177E0	-1.535773277E0	-7.397584915E-1	1.986679503E0
1.107238333E1	9.117897153E-1	-1.568743229E0	-4.712700844E-1	1.874676318E0
1.108236249E1	6.479544640E-1	-1.663793564E0	-1.216726303E-1	1.789653106E0
1.109237226E1	1.860396266E-1	-1.782324791E0	2.223253250E-1	1.805746647E0
1.110238210E1	-2.577925026E-1	-1.822367668E0	3.245058060E-1	1.868899385E0
1.111236126E1	-6.712155342E-1	-1.792118073E0	3.846049309E-1	1.951957590E0
1.112237103E1	-1.030210972E0	-1.694519997E0	2.954082489E-1	2.004993441E0
1.113238087E1	-1.151646256E0	-1.590487480E0	1.221275330E-1	1.967448769E0
1.114236003E1	-1.066005111E0	-1.494624138E0	-1.370387077E-1	1.840936668E0
1.115236987E1	-9.405677915E-1	-1.399820805E0	-4.340515137E-1	1.741426648E0
1.116237964E1	-8.292421699E-1	-1.211271286E0	-6.359691620E-1	1.599774196E0
1.117235880E1	-7.271571159E-1	-1.051431179E0	-7.445030212E-1	1.479374782E0
1.118236864E1	-6.023923159E-1	-9.210228920E-1	-8.807787895E-1	1.409585381E0
1.119237841E1	-4.824675322E-1	-7.858071327E-1	-9.735851288E-1	1.340945850E0
1.120235780E1	-3.189198971E-1	-6.298456192E-1	-1.038774014E0	1.255972474E0
1.121236741E1	-1.584687233E-1	-5.289583206E-1	-1.024574280E0	1.163899350E0
1.122237718E1	-1.525002718E-2	-4.362730980E-1	-1.025789261E0	1.114814059E0
1.123235634E1	2.991759777E-2	-3.318614960E-1	-8.780145645E-1	9.391148442E-1
1.124236618E1	3.934895992E-2	-2.907962799E-1	-5.204892159E-1	5.975113730E-1
1.125237595E1	-7.411837578E-4	-3.553948402E-1	-5.684804916E-2	3.599135209E-1
1.126235510E1	-4.922032356E-2	-4.761304855E-1	3.657422066E-1	6.024037194E-1
1.127236495E1	-8.982032537E-2	-5.571594238E-1	5.251393318E-1	7.708862641E-1
1.128237480E1	-1.746706367E-1	-5.239691734E-1	3.197336197E-1	6.381873656E-1
1.129238456E1	-3.606947362E-1	-4.564042091E-1	7.420063019E-3	5.817736263E-1
1.130236372E1	-5.240582824E-1	-3.429942131E-1	-1.929988861E-1	6.553859043E-1
1.131237349E1	-5.864873528E-1	-2.837281227E-1	-2.383527756E-1	6.937442672E-1
1.132238334E1	-5.646446347E-1	-2.876448631E-1	-1.765742302E-1	6.578309734E-1
1.133236249E1	-4.530702233E-1	-3.335013390E-1	2.410888672E-3	5.625847338E-1
1.134237226E1	-3.289728165E-1	-3.479318619E-1	3.880076408E-1	6.163031915E-1
1.135238210E1	-3.008775115E-1	-3.273701668E-1	9.022688866E-1	1.005876556E0
1.136236126E1	-3.167314529E-1	-2.794880867E-1	1.289237022E0	1.356674060E0
1.137237110E1	-4.683927596E-1	-2.117075920E-1	1.409881115E0	1.500658735E0
1.138238087E1	-8.756510615E-1	-1.422257423E-1	1.159575462E0	1.460002807E0
1.139236003E1	-1.453876376E0	1.035513878E-1	5.523734093E-1	1.558716071E0
1.140236987E1	-1.730846405E0	3.133153915E-1	-3.599691391E-2	1.759344080E0
1.141237964E1	-1.703553677E0	5.204606056E-1	-2.018742561E-1	1.792687253E0
1.142235880E1	-1.286264658E0	6.085338593E-1	3.112754822E-1	1.456599689E0
1.143236864E1	-8.443212509E-1	5.163989067E-1	1.543718338E0	1.833742761E0
1.144237841E1	-2.376988381E-1	9.048938751E-2	2.856139183E0	2.867441386E0
1.145235757E1	4.607179761E-2	-2.604875565E-1	4.447371006E0	4.455231222E0
1.146236741E1	-3.179538250E-2	-5.245714188E-1	5.745652199E0	5.769636497E0
1.147237718E1	-3.261280656E-1	-7.071142197E-1	6.128641129E0	6.177913249E0
1.148235634E1	-7.759867907E-1	-7.071509361E-1	5.795231819E0	5.889561086E0
1.149236618E1	-1.061827660E0	-4.269495010E-1	4.664494991E0	4.802840553E0
1.150237595E1	-1.362752676E0	-1.233243942E-2	3.083345890E0	3.371093120E0
1.151235534E1	-1.476675868E0	3.239302635E-1	1.750259399E0	2.312771152E0
1.152236495E1	-1.073042154E0	3.764266968E-1	3.442082405E-1	1.188105987E0
1.153237472E1	-5.530104637E-1	3.271832466E-1	-8.453154564E-1	1.061803970E0
1.154238457E1	-1.609366536E-1	2.818541527E-1	-1.854692459E0	1.882877183E0
1.155236372E1	-6.505966187E-2	2.439270020E-1	-2.386919498E0	2.400232871E0
1.156237349E1	-8.466386795E-2	2.302780151E-1	-2.422721386E0	2.435112903E0
1.157238334E1	-5.193912983E-2	1.160550117E-1	-1.965125561E0	1.969234600E0
1.158236249E1	-1.778423786E-3	-2.608823776E-2	-1.145683289E0	1.145981656E0
1.159237234E1	-1.881361008E-2	-2.693414688E-1	-2.128729820E-1	3.438221709E-1
1.160238210E1	-2.186178565E-1	-4.291758537E-1	5.971932411E-1	7.672192958E-1
1.161236126E1	-7.023977637E-1	-4.905366898E-1	1.541857719E0	1.763891745E0
1.162237111E1	-1.088052750E0	-5.467791557E-1	2.129616261E0	2.453179905E0
1.163238087E1	-1.358986616E0	-6.034455299E-1	2.513650894E0	2.920519123E0
1.164236003E1	-1.490593195E0	-6.772360802E-1	2.548443317E0	3.029039472E0
1.165236987E1	-1.569806576E0	-6.378078461E-1	2.344213963E0	2.892478286E0
1.166237964E1	-1.562752247E0	-5.346064568E-1	1.971125126E0	2.571640121E0
1.167235880E1	-1.417136788E0	-4.678635597E-1	1.488934517E0	2.108103172E0
1.168236864E1	-1.198333740E0	-4.735450745E-1	8.841304779E-1	1.562669316E0
1.169237841E1	-9.668968320E-1	-4.095578194E-1	2.115788460E-1	1.071164179E0
1.170235757E1	-8.056861162E-1	-3.400535583E-1	-2.859349251E-1	9.200681071E-1
1.171236741E1	-6.509774923E-1	-3.058614731E-1	-6.884617805E-1	9.956417827E-1
1.172237718E1	-4.989615083E-1	-2.840237617E-1	-9.704174995E-1	1.127538118E0
1.173235634E1	-4.226549268E-1	-3.012962341E-1	-1.214801788E0	1.321045038E0
1.174236618E1	-3.993565738E-1	-2.637100220E-1	-1.314306736E0	1.398724721E0
1.175237595E1	-3.703790903E-1	-2.109804153E-1	-1.368100643E0	1.432966425E0
1.176235534E1	-3.887549639E-1	-1.916007996E-1	-1.229549885E0	1.303700198E0
1.177236495E1	-3.996662498E-1	-1.791129112E-1	-9.667577744E-1	1.061336488E0
1.178237472E1	-5.746973753E-1	-2.677659988E-1	-5.582313538E-1	8.447472685E-1
1.179238457E1	-7.952463031E-1	-4.282655716E-1	-1.801838875E-1	9.210289440E-1
1.180236372E1	-1.125288486E0	-4.644637108E-1	1.744241714E-1	1.229806695E0
1.181237357E1	-1.276049376E0	-4.478082657E-1	5.889577866E-1	1.475027297E0
1.182238334E1	-1.232960105E0	-4.827995300E-1	8.111424446E-1	1.552816175E0
1.183236249E1	-1.132144570E0	-5.621123314E-1	9.339542389E-1	1.571620858E0
1.184237234E1	-9.692188501E-1	-6.439852715E-1	8.629331589E-1	1.448708337E0
1.185238210E1	-3.001950979E-1	-4.524598122E-1	3.794035912E-1	6.624077773E-1
1.186236126E1	1.389391124E-1	-5.459837914E-1	1.683850288E-1	5.880101150E-1
1.187237103E1	5.683850050E-1	-6.228594780E-1	1.381072998E-1	8.544524969E-1
1.188238088E1	8.916059732E-1	-6.018738747E-1	3.735918999E-1	1.138764366E0
1.189236003E1	1.164391518E0	-5.759558678E-1	6.633696556E-1	1.458626775E0
1.190236988E1	1.380931377E0	-6.158905029E-1	9.581923485E-1	1.790090824E0
1.191237964E1	1.471884847E0	-7.197604179E-1	1.087620735E0	1.966575431E0
1.192235880E1	1.170745611E0	-7.344284058E-1	7.921829224E-1	1.592979646E0
1.193236864E1	5.740807652E-1	-4.578704834E-1	1.204152107E-1	7.441195654E-1
1.194237841E1	-1.592509300E-1	-1.641178131E-2	-4.350223541E-1	4.635457408E-1
1.195235780E1	-3.078657985E-1	4.143843651E-1	-9.994544983E-1	1.124902238E0
1.196236741E1	-1.090647727E-1	7.047243118E-1	-1.103528023E0	1.313889484E0
1.197237718E1	3.199999034E-1	7.746987343E-1	-7.145628929E-1	1.101434608E0
1.198235634E1	7.598739862E-1	5.772037506E-1	1.714863777E-1	9.695257719E-1
1.199236618E1	1.090128303E0	1.514582634E-1	1.268585682E0	1.679472820E0
1.200237595E1	1.325504303E0	-1.747879982E-1	1.877483845E0	2.304877023E0
1.201235511E1	1.212797284E0	-2.335805893E-1	2.377607346E0	2.679263674E0
1.202236495E1	9.623790979E-1	-1.071872711E-1	2.594199181E0	2.769030882E0
1.203237480E1	8.372434974E-1	-4.219532013E-2	2.473274708E0	2.611483276E0
1.204238457E1	7.075264454E-1	-6.509399414E-2	2.012843609E0	2.134565598E0
1.205236372E1	5.483416319E-1	-8.747482300E-2	1.493463516E0	1.593349825E0
1.206237357E1	4.654002786E-1	-1.834473610E-1	9.420547485E-1	1.066638412E0
1.207238334E1	6.164231896E-1	-3.748226166E-1	6.875810623E-1	9.966128937E-1
1.208236249E1	9.496569037E-1	-6.160292625E-1	5.793581009E-1	1.271611614E0
1.209237226E1	1.311750293E0	-7.793989182E-1	4.729309082E-1	1.597440186E0
1.210238211E1	1.533679008E0	-8.389806747E-1	2.080526352E-1	1.760495888E0
1.211236126E1	1.602395892E0	-8.025732040E-1	-6.414508820E-2	1.793296109E0
1.212237103E1	1.555023789E0	-7.922954559E-1	-4.467258453E-1	1.801498003E0
1.213238088E1	1.400922060E0	-8.091168404E-1	-7.373723984E-1	1.777911903E0
1.214236003E1	1.167017937E0	-8.766460419E-1	-8.406705856E-1	1.684388964E0
1.215236988E1	9.832156897E-1	-9.103279114E-1	-8.936018944E-1	1.610569571E0
1.216237964E1	7.622501850E-1	-9.433879852E-1	-8.148245811E-1	1.461145213E0
1.217235880E1	5.175637603E-1	-9.813718796E-1	-7.113690376E-1	1.317956342E0
1.218236864E1	2.671947479E-1	-1.027772427E0	-6.857652664E-1	1.264113600E0
1.219237841E1	1.749694347E-2	-9.964652061E-1	-7.954792976E-1	1.275161309E0
1.220235780E1	-2.274389267E-1	-9.525103569E-1	-9.732317924E-1	1.380646431E0
1.221236741E1	-2.902208269E-1	-1.002365112E0	-1.277099609E0	1.649226291E0
1.222237718E1	-2.617633641E-1	-9.816241264E-1	-1.465435028E0	1.783144920E0
1.223235634E1	-2.242443711E-1	-9.439187050E-1	-1.659086704E0	1.921935678E0
1.224236618E1	-1.825067401E-1	-7.978639603E-1	-1.741087437E0	1.923871376E0
1.225237595E1	-1.593736857E-1	-6.910729408E-1	-1.839018345E0	1.971032789E0
1.226235511E1	-2.125485241E-1	-5.924730301E-1	-1.837931156E0	1.942728005E0
1.227236495E1	-3.320278525E-1	-5.378494263E-1	-1.864837170E0	1.969046005E0
1.228237480E1	-4.442249537E-1	-4.502363205E-1	-1.879305840E0	1.982886530E0
1.229238457E1	-5.050400496E-1	-3.223533630E-1	-1.720991135E0	1.822302836E0
1.230236372E1	-5.153886080E-1	-2.324905396E-1	-1.546059132E0	1.646200506E0
1.231237349E1	-4.350185692E-1	-1.639232635E-1	-1.299412727E0	1.380067182E0
1.232238334E1	-3.117667437E-1	-5.479526520E-2	-1.064545155E0	1.110611277E0
1.233236249E1	-5.486293882E-2	-3.715038300E-3	-8.697867393E-1	8.715232157E-1
1.234237226E1	5.532354116E-2	1.236023903E-1	-5.357804298E-1	5.526290927E-1
1.235238211E1	3.299438953E-1	1.455721855E-1	-2.986474037E-1	4.682355252E-1
1.236236126E1	7.105306387E-1	2.394361496E-1	-2.975797653E-2	7.503792344E-1
1.237237111E1	9.803336859E-1	4.413261414E-1	1.928482056E-1	1.092251495E0
1.238238088E1	1.243405104E0	5.476312637E-1	4.434232712E-1	1.429188739E0
1.239236003E1	1.135212898E0	5.105509758E-1	6.570096016E-1	1.407491471E0
1.240236988E1	7.690680027E-1	6.207485199E-1	8.251976967E-1	1.287534682E0
1.241237965E1	3.550347686E-1	7.826385498E-1	8.668727875E-1	1.220672444E0
1.242235880E1	1.160979271E-3	8.689522743E-1	9.417195320E-1	1.281372342E0
1.243236864E1	-8.256036043E-2	8.546648026E-1	9.274969101E-1	1.263929846E0
1.244237841E1	1.956038475E-1	7.604255676E-1	7.057914734E-1	1.055769631E0
1.245235757E1	3.711896539E-1	7.366218567E-1	5.453572273E-1	9.888417590E-1
1.246236741E1	3.986533880E-1	7.607164383E-1	5.048985481E-1	9.962612946E-1
1.247237718E1	2.997981310E-1	7.396874428E-1	5.624704361E-1	9.764166241E-1
1.248235634E1	1.644237041E-1	7.263083458E-1	5.699992180E-1	9.377942611E-1
1.249236618E1	-2.262935638E-1	7.923793793E-1	3.325695992E-1	8.886373816E-1
1.250237595E1	-9.601074457E-1	9.725656509E-1	3.121662140E-2	1.366991123E0
1.251235534E1	-1.936514139E0	1.132451534E0	-2.451953888E-1	2.256691000E0
1.252236495E1	-2.379812956E0	1.100260735E0	-6.201958656E-1	2.694202350E0
1.253237472E1	-2.418403864E0	1.020918369E0	-8.341579437E-1	2.754409381E0
1.254238457E1	-3.386418819E-1	4.675636292E-1	2.994741917E0	3.049880853E0
1.255236372E1	-2.239414454E-1	5.191488266E-1	1.973391533E0	2.052788206E0
1.256237349E1	9.850133657E-1	-7.794237137E-2	3.908234119E0	4.031205809E0
1.257238334E1	1.753706455E0	-7.824325562E-1	5.358823299E0	5.692510359E0
1.258236249E1	1.419309974E0	-1.049536705E0	5.992949009E0	6.247511978E0
1.259237234E1	2.518897653E-1	-1.024024010E0	5.670928955E0	5.768146049E0
1.260238211E1	4.119361043E-1	-9.932241440E-1	4.973230362E0	5.088143648E0
1.261236126E1	8.811146021E-2	-5.552778244E-1	3.835800171E0	3.876784756E0
1.262237103E1	1.192193151E0	-3.971676826E-1	2.181091309E0	2.517186122E0
1.263238088E1	4.411680698E0	-5.702228546E-1	5.775899887E-1	4.485720776E0
1.264236003E1	2.571942091E0	6.601166725E-1	-1.948729038E0	3.293658301E0
1.265236988E1	-6.712155342E-1	7.628707886E-1	-3.173049927E0	3.331778500E0
1.266237965E1	-1.208459258E0	-2.138457298E-1	-1.228703499E0	1.736610510E0
1.267235880E1	-1.567919850E0	9.573125839E-2	1.443004608E-2	1.570905903E0
1.268236865E1	-5.303379297E-1	-4.046235085E-1	6.187725067E-1	9.098669784E-1
1.269237842E1	-4.062501490E-1	-6.074790955E-1	1.445292473E0	1.619549433E0
1.270235780E1	-6.309131980E-1	-8.418288231E-1	1.913298607E0	2.183446539E0
1.271236742E1	-6.645292044E-1	-9.497861862E-1	1.864391327E0	2.195369646E0
1.272237718E1	-5.638905764E-1	-8.622860909E-1	1.975914001E0	2.228395393E0
1.273235634E1	-4.878467917E-1	-4.880695343E-1	9.579849243E-1	1.180652988E0
1.274236618E1	-7.567584515E-2	-5.481505394E-1	1.450281143E-1	5.720393355E-1
1.275237595E1	1.039204001E-1	-7.451744080E-1	-1.225919724E-1	7.623077722E-1
1.276235511E1	1.606779099E-1	-7.269692421E-1	-6.699433327E-1	1.001561650E0
1.277236495E1	1.843833327E-1	-4.671320915E-1	-1.233610153E0	1.331917270E0
1.278237480E1	1.961009502E-1	-3.064379692E-1	-1.828629971E0	1.864469732E0
1.279238457E1	-2.459585667E-3	-2.663702965E-1	-1.978360176E0	1.996213458E0
1.280236372E1	-2.483491302E-1	-2.658033371E-1	-1.994273663E0	2.027179357E0
1.281237357E1	-3.036139011E-1	-2.248382568E-1	-1.755153656E0	1.795354561E0
1.282238334E1	-2.657765746E-1	-2.072553635E-1	-1.460720062E0	1.499098087E0
1.283236249E1	-1.980115175E-1	-2.392392159E-1	-1.401501179E0	1.435496262E0
1.284237226E1	-2.027004361E-1	-3.103384972E-1	-1.162108898E0	1.219792827E0
1.285238211E1	-2.207413912E-1	-4.040455818E-1	-1.259191513E0	1.340724752E0
1.286236126E1	-2.306961417E-1	-4.423713684E-1	-1.244324207E0	1.340617720E0
1.287237111E1	-2.712334394E-1	-3.624358177E-1	-9.430856705E-1	1.046106057E0
1.288238088E1	-3.102775812E-1	-3.191137314E-1	-8.923459053E-1	9.971895335E-1
1.289236003E1	-3.477066755E-1	-1.965112686E-1	-8.088850975E-1	9.021151323E-1
1.290236988E1	-3.626693487E-1	-1.016864777E-1	-9.159979820E-1	9.904148117E-1
1.291237965E1	-3.816255927E-1	1.612186432E-3	-8.164563179E-1	9.012444791E-1
1.292235880E1	-4.717969894E-1	1.094689369E-1	-5.757617950E-1	7.523812146E-1
1.293236865E1	-3.518013358E-1	1.551055908E-1	-2.487735748E-1	4.579412798E-1
1.294237842E1	-3.120071292E-1	1.730675697E-1	-2.326679230E-2	3.575502426E-1
1.295235757E1	-1.742696166E-1	1.223278046E-1	-9.336566925E-2	2.324890088E-1
1.296236742E1	-4.353427887E-2	1.227040291E-1	-7.466506958E-2	1.500879236E-1
1.297237719E1	3.250539303E-3	3.498649597E-2	7.745122910E-2	8.504889061E-2
1.298235634E1	-1.034872532E-1	2.211952209E-2	3.390240669E-1	3.551565891E-1
1.299236619E1	-2.468446493E-1	-1.596879959E-2	3.859086037E-1	4.583805557E-1
1.300237595E1	-2.424727082E-1	-1.673221588E-2	3.476519585E-1	4.241873000E-1
1.301235534E1	-1.535792947E-1	-5.251502991E-2	5.821843147E-1	6.043864694E-1
1.302236495E1	-8.591622114E-2	-8.178186417E-2	7.773985863E-1	7.863958496E-1
1.303237472E1	9.826549888E-1	-2.573428154E-1	-3.332715988E0	3.484082664E0
1.304238457E1	5.368235707E-1	2.375540733E-1	1.227839947E0	1.360956435E0
1.305236372E1	9.762936234E-1	2.407855988E-1	2.086468697E0	2.316134401E0
1.306237349E1	2.015861273E-1	6.399931908E-1	1.602931023E0	1.737704265E0
1.307238334E1	-1.183745861E-1	7.478861809E-1	1.213161945E0	1.430072791E0
1.308236249E1	-6.350712180E-1	1.125596523E0	1.550028324E0	2.018135474E0
1.309237226E1	-5.423127413E-1	1.244400501E0	1.517181396E0	2.035798395E0
1.310238211E1	-8.552259207E-2	1.127716541E0	1.895717144E0	2.207442457E0
1.311239792E1	3.276079893E-1	8.435297012E-1	2.571574211E0	2.726144397E0
1.312240769E1	7.018166780E-1	4.539470673E-1	3.083780766E0	3.195045915E0
1.313241754E1	1.157328606E0	2.624349594E-1	2.794263840E0	3.035818179E0
1.314239669E1	1.418600321E0	2.009143829E-1	2.376325130E0	2.774835956E0
1.315240654E1	1.458890915E0	-3.127193451E-2	2.316530228E0	2.737819010E0
1.316241631E1	1.074026585E0	-2.289919853E-1	2.424346924E0	2.661471105E0
1.317239546E1	5.681980848E-1	-3.566966057E-1	2.381535530E0	2.474225740E0
